:020000040800F2
:10000000008001207D7600080D0F00080F0F00080A
:10001000110F0008130F0008150F00080000000062
:100020000000000000000000000000004173000814
:10003000170F000800000000E1730008F76E0008C9
:10004000C5760008C5760008C5760008C5760008A4
:10005000C5760008C5760008C5760008C576000894
:10006000C5760008C5760008C5760008190F000897
:10007000C5760008C5760008C5760008C576000874
:10008000C5760008C5760008C5760008C576000864
:10009000290F0008C5760008C5760008C576000857
:1000A000C5760008C5760008C5760008C576000844
:1000B000C5760008C5760008C5760008C576000834
:1000C000C5760008C5760008C5760008C576000824
:1000D000C5760008C5760008C5760008C576000814
:1000E000C5760008C5760008C5760008C576000804
:1000F000C5760008C5760008C5760008C5760008F4
:10010000C5760008C5760008C5760008C5760008E3
:10011000C5760008C5760008390F0008C5760008C6
:10012000C5760008C5760008C5760008C5760008C3
:1001300000000000000000000000000000000000BF
:1001400000000000000000000000000000000000AF
:10015000000000000000000000000000000000009F
:10016000000000000000000000000000000000008F
:10017000000000000000000000000000000000007F
:10018000000000000000000000000000000000006F
:10019000000000000000000000000000000000005F
:1001A000000000000000000000000000000000004F
:1001B000000000000000000000000000000000003F
:1001C000000000000000000000000000000000002F
:1001D000000000000000000000000000000000001F
:0401E0005FF8E0F1F3
:1001F000034613F8012B002AFBD1181A0138704767
:1002000081F0004102E000BF83F0004330B54FEAC7
:1002100041044FEA430594EA050F08BF90EA020F34
:100220001FBF54EA000C55EA020C7FEA645C7FEAC7
:10023000655C00F0E2804FEA5454D4EB5555B8BFEA
:100240006D420CDD2C4480EA020281EA030382EA5B
:10025000000083EA010180EA020281EA0303362DED
:1002600088BF30BD11F0004F4FEA01314FF4801CC0
:100270004CEA113102D0404261EB410113F0004FD2
:100280004FEA03334CEA133302D0524263EB430389
:1002900094EA050F00F0A780A4F10104D5F1200E27
:1002A0000DDB02FA0EFC22FA05F2801841F1000182
:1002B00003FA0EF2801843FA05F359410EE0A5F156
:1002C00020050EF1200E012A03FA0EFC28BF4CF087
:1002D000020C43FA05F3C01851EBE37101F000453D
:1002E00007D54FF0000EDCF1000C7EEB00006EEB4A
:1002F0000101B1F5801F1BD3B1F5001F0CD34908D4
:100300005FEA30004FEA3C0C04F101044FEA44522A
:1003100012F5800F80F09A80BCF1004F08BF5FEAB1
:10032000500C50F1000041EB045141EA050130BD91
:100330005FEA4C0C404141EB0101013C28BFB1F5A3
:10034000801FE9D291F0000F04BF01460020B1FAEE
:1003500081F308BF2033A3F10B03B3F120020CDAC1
:100360000C3208DD02F1140CC2F10C0201FA0CF09F
:1003700021FA02F10CE002F11402D8BFC2F1200C04
:1003800001FA02F120FA0CFCDCBF41EA0C019040BA
:10039000E41AA2BF01EB0451294330BD6FEA040403
:1003A0001F3C1CDA0C340EDC04F11404C4F12002EE
:1003B00020FA04F001FA02F340EA030021FA04F300
:1003C00045EA030130BDC4F10C04C4F1200220FA57
:1003D00002F001FA04F340EA0300294630BD21FA95
:1003E00004F0294630BD94F0000F83F4801306BF5B
:1003F00081F480110134013D4EE77FEA645C18BF4F
:100400007FEA655C29D094EA050F08BF90EA020FE5
:1004100005D054EA000C04BF1946104630BD91EADD
:10042000030F1EBF0021002030BD5FEA545C05D1E0
:100430004000494128BF41F0004130BD14F580041F
:100440003CBF01F5801130BD01F0004545F0FE4193
:1004500041F470014FF0000030BD7FEA645C1ABFC8
:10046000194610467FEA655C1CBF0B46024650EAFF
:10047000013406BF52EA033591EA030F41F400212B
:1004800030BD00BF90F0000F04BF0021704730B5B1
:100490004FF4806404F132044FF000054FF0000186
:1004A00050E700BF90F0000F04BF0021704730B547
:1004B0004FF4806404F1320410F0004548BF40421C
:1004C0004FF000013EE700BF42004FEAE2014FEA71
:1004D00031014FEA02701FBF12F07F4393F07F4F4C
:1004E00081F06051704732F07F4208BF704793F04F
:1004F0007F4F04BF41F40021704730B54FF4607462
:1005000001F0004521F000411CE700BF50EA010264
:1005100008BF704730B54FF000050AE050EA01020D
:1005200008BF704730B511F0004502D5404261EB7D
:1005300041014FF4806404F132045FEA915C3FF4BE
:10054000D8AE4FF003025FEADC0C18BF03325FEA5B
:10055000DC0C18BF033202EBDC02C2F1200300FA0C
:1005600003FC20FA02F001FA03FE40EA0E0021FA31
:1005700002F11444BDE600BF70B54FF0FF0C4CF41F
:10058000E06C1CEA11541DBF1CEA135594EA0C0FD1
:1005900095EA0C0F00F0DEF82C4481EA030621EA0C
:1005A0004C5123EA4C5350EA013518BF52EA033547
:1005B00041F4801143F4801338D0A0FB02CE4FF0F9
:1005C0000005E1FB02E506F00042E0FB03E54FF029
:1005D0000006E1FB03569CF0000F18BF4EF0010E21
:1005E000A4F1FF04B6F5007F64F5407404D25FEA1D
:1005F0004E0E6D4146EB060642EAC62141EA5551D0
:100600004FEAC52040EA5E504FEACE2EB4F1FD0C11
:1006100088BFBCF5E06F1ED8BEF1004F08BF5FEA8F
:10062000500E50F1000041EB045170BD06F0004641
:1006300046EA010140EA020081EA0301B4EB5C04EE
:10064000C2BFD4EB0C0541EA045170BD41F48011E6
:100650004FF0000E013C00F3AB8014F1360FDEBF0B
:10066000002001F0004170BDC4F10004203C35DAE7
:100670000C341BDC04F11404C4F1200500FA05F36A
:1006800020FA04F001FA05F240EA020001F000420B
:1006900021F0004110EBD37021FA04F642EB060181
:1006A0005EEA430E08BF20EAD37070BDC4F10C04AB
:1006B000C4F1200500FA04F320FA05F001FA04F26F
:1006C00040EA020001F0004110EBD37041F100015B
:1006D0005EEA430E08BF20EAD37070BDC4F1200566
:1006E00000FA05F24EEA020E20FA04F301FA05F2CE
:1006F00043EA020321FA04F001F0004121FA04F276
:1007000020EA020000EBD3705EEA430E08BF20EA45
:10071000D37070BD94F0000F0FD101F0004640007F
:1007200041EB010111F4801F08BF013CF7D041EA01
:10073000060195F0000F18BF704703F00046520005
:1007400043EB030313F4801F08BF013DF7D043EAD6
:100750000603704794EA0C0F0CEA135518BF95EA8C
:100760000C0F0CD050EA410618BF52EA4306D1D113
:1007700081EA030101F000414FF0000070BD50EA32
:10078000410606BF1046194652EA430619D094EABC
:100790000C0F02D150EA013613D195EA0C0F05D1A6
:1007A00052EA03361CBF104619460AD181EA0301FA
:1007B00001F0004141F0FE4141F470014FF00000B2
:1007C00070BD41F0FE4141F4780170BD70B54FF04D
:1007D000FF0C4CF4E06C1CEA11541DBF1CEA1355CD
:1007E00094EA0C0F95EA0C0F00F0A7F8A4EB0504AF
:1007F00081EA030E52EA03354FEA013100F08880A6
:100800004FEA03334FF0805545EA131343EA12636E
:100810004FEA022245EA111545EA10654FEA002623
:100820000EF000419D4208BF964244F1FD0404F5DC
:10083000407402D25B084FEA3202B61A65EB030538
:100840005B084FEA32024FF480104FF4002CB6EBF5
:10085000020E75EB030E22BFB61A754640EA0C0075
:100860005B084FEA3202B6EB020E75EB030E22BFB5
:10087000B61A754640EA5C005B084FEA3202B6EBF6
:10088000020E75EB030E22BFB61A754640EA9C00B5
:100890005B084FEA3202B6EB020E75EB030E22BF85
:1008A000B61A754640EADC0055EA060E18D04FEA43
:1008B000051545EA16754FEA06164FEAC30343EAE3
:1008C00052734FEAC2025FEA1C1CC0D111F4801FB0
:1008D0000BD141EA00014FF000004FF0004CB6E7A9
:1008E00011F4801F04BF01430020B4F1FD0C88BF48
:1008F000BCF5E06F3FF6AFAEB5EB030C04BFB6EB53
:10090000020C5FEA500C50F1000041EB045170BD45
:100910000EF0004E4EEA113114EB5C04C2BFD4EB72
:100920000C0541EA045170BD41F480114FF0000EF6
:10093000013C90E645EA060E8DE60CEA135594EA72
:100940000C0F08BF95EA0C0F3FF43BAF94EA0C0F75
:100950000AD150EA01347FF434AF95EA0C0F7FF4EA
:1009600025AF104619462CE795EA0C0F06D152EA3E
:1009700003353FF4FDAE1046194622E750EA410622
:1009800018BF52EA43067FF4C5AE50EA41047FF433
:100990000DAF52EA43057FF4EBAE12E74FF0FF3C98
:1009A00006E000BF4FF0010C02E000BF4FF0010C69
:1009B0004DF804CD4FEA410C7FEA6C5C4FEA430CE2
:1009C00018BF7FEA6C5C1BD001B050EA410C0CBF31
:1009D00052EA430C91EA030F02BF90EA020F002093
:1009E000704710F1000F91EA030F58BF994208BFFA
:1009F00090422CBFD8176FEAE37040F001007047B7
:100A00004FEA410C7FEA6C5C02D150EA013C07D10D
:100A10004FEA430C7FEA6C5CD6D152EA033CD3D058
:100A20005DF8040B704700BF8446104662468C4652
:100A30001946634600E000BF01B5FFF7B7FF002885
:100A400048BF10F1000F01BD4DF808EDFFF7F4FFAE
:100A50000CBF012000205DF808FB00BF4DF808ED39
:100A6000FFF7EAFF34BF012000205DF808FB00BF5C
:100A70004DF808EDFFF7E0FF94BF012000205DF87E
:100A800008FB00BF4DF808EDFFF7CEFF94BF012033
:100A900000205DF808FB00BF4DF808EDFFF7C4FF2C
:100AA00034BF012000205DF808FB00BF4FEA410C75
:100AB0007FEA6C5C02D150EA013C0AD14FEA430C58
:100AC0007FEA6C5C02D152EA033C02D14FF0000095
:100AD00070474FF0010070474FEA410212F50012D3
:100AE00015D211D56FF47873B3EB625212D94FEA75
:100AF000C12343F0004343EA505311F0004F23FA5F
:100B000002F018BF404270474FF00000704750EAB3
:100B1000013005D111F0004008BF6FF00040704770
:100B20004FF00000704700BF4A0011D212F50012CA
:100B300011D20DD56FF47873B3EB62520ED44FEA35
:100B4000C12343F0004343EA505323FA02F07047B5
:100B50004FF00000704750EA013002D14FF0FF30F3
:100B600070474FF0000070474FEA4102B2F1E04396
:100B700024BFB3F5001CDCF1FE5C0DD901F0004C84
:100B80004FEAC0024CEA5070B2F1004F40EB8300D4
:100B900008BF20F00100704711F0804F21D113F100
:100BA0003872BCBF01F00040704741F480114FEA39
:100BB0005252C2F11802C2F1200C10FA0CF320FAC2
:100BC00002F018BF40F001004FEAC1234FEAD323DF
:100BD00003FA0CFC40EA0C0023FA02F34FEA430349
:100BE000CCE77FEA625307D150EA01331EBF4FF0D2
:100BF000FE4040F44000704701F0004040F0FE40ED
:100C000040F40000704700BF0348044B834202D009
:100C1000034B03B1184770474803002048030020E6
:100C2000000000000548064B1B1AD90F01EBA30179
:100C3000491002D0034B03B1184770474803002006
:100C4000480300200000000010B5064C237843B98B
:100C5000FFF7DAFF044B13B10448AFF30080012320
:100C6000237010BD480300200000000090BE000863
:100C700008B5054B1BB105490548AFF30080BDE839
:100C80000840FFF7CFBF00BF000000004C0300206A
:100C900090BE000808B50268034B9A4200D008BD18
:100CA00002F072FBFBE700BF0010004072B6FEE7E7
:100CB00010B596B00CAC28220021204607F0D6FCD7
:100CC00000230793089309930A930B9301930293CC
:100CD000039304930593069301220C924FF48033FF
:100CE0000D9310920222139214934FF4E013159374
:100CF000204602F071FBD0B90F230793022108911F
:100D0000002309934FF480620A920B9307A802F024
:100D100095FD70B9122301934FF400430393002310
:100D2000069301A802F074FE28B916B010BDFFF7B3
:100D3000BDFFFFF7BBFFFFF7B9FF08B502F012FBDD
:100D4000FFF7B6FF00F012F804F08AFA04F06EF92B
:100D500000F024F904F0EEF806F04CFC06F0D8F8A8
:100D600004F000FC06F0E6F8FEE700002DE9F04F85
:100D700089B004AC002604960596069607965E4B4D
:100D80009A6942F010029A619A6902F01002009288
:100D9000009A9A6942F020029A619A6902F0200250
:100DA0000192019A9A6942F004029A619A6902F0EA
:100DB00004020292029A9A6942F008029A619B69BF
:100DC00003F008030393039BDFF83081012243F60D
:100DD0008C71404602F0C0FF32464321404602F08B
:100DE000BBFFDFF81CB132464EF20101584602F05B
:100DF000B3FFDFF8109132464FF6E071484602F03B
:100E0000ABFF01224FF48071584602F0A5FF01228A
:100E100004213D4802F0A0FF01220821484602F0CB
:100E20009BFF4FF46E530493012505950695032708
:100E300007972146404602F077FE43230493059529
:100E40004FF0020ACDF818A007972146404602F05D
:100E50006BFE0C23049311230593069607972146F6
:100E6000404602F061FE4EF2010304930595CDF871
:100E700018A007972146584602F056FE4FF6E07339
:100E800004930595CDF818A007972146484602F02F
:100E90004BFE4FF480730493059506950797214602
:100EA000584602F041FE4FF4806304930595069581
:100EB000CDF81CA02146404602F036FE04230493E0
:100EC00005950695079721460F4802F02DFE082349
:100ED00004930595069507972146484602F024FE9F
:100EE00010230493059606962146484602F01CFE00
:100EF00009B0BDE8F08F00BF0010024000100140B3
:100F000000080140000C014000140140FEE7FEE72C
:100F1000FEE7FEE7FEE7704708B5024802F06CFF07
:100F200008BD00BF801D002008B5024801F04AF846
:100F300008BD00BF481A002008B5024804F0BAFBFB
:100F400008BD00BFF81D002000B583B0114B9A69A1
:100F500042F001029A619A6902F001020092009A3D
:100F6000DA6942F08052DA61DB6903F08053019361
:100F7000019B00220F216FF0010003F0F9F8064AEF
:100F8000536823F0E06343F08063536003B05DF87F
:100F900004FB00BF001002400000014008B5002221
:100FA0000F49104803F003F970B90F490D4803F0D9
:100FB00015F960B90D490B4803F019FF50B90948FC
:100FC00003F013F948B908BDFFF770FEEDE7FFF72E
:100FD0006DFEEFE7FFF76AFEF1E7FFF767FEF2E766
:100FE000340000206403002038010020500000205D
:100FF00012230B80004870472000002004230B8040
:10100000004870471C000020002393421ED200B508
:1010100010E00CF1370C01F813C000014FEA430C4B
:101020000CF1010C4FF0000E01F80CE00133DBB2C3
:10103000934209D24FEA107CB0F1204FE9D20CF173
:10104000300C01F813C0E8E75DF804FB70470000BE
:1010500038B50B4BD3F8E807D3F8EC47D3F8F037A3
:10106000C01800D138BD074D08222946FFF7CCFF34
:10107000042205F110012046FFF7C6FFF2E700BF8A
:1010800000F0FF1F0200002008B51A230B80FFF7B5
:10109000DFFF014808BD00BF0000002008B50A4678
:1010A00028B90549054803F0F8FC034808BD024982
:1010B000024803F0F2FCF8E728060020A8BE00086A
:1010C00010B50A46034C2146034803F0E6FC2046CF
:1010D00010BD00BF28060020C0BE000808B50A46A3
:1010E00028B90549054803F0D8FC034808BD024962
:1010F000024803F0D2FCF8E728060020D4BE00081E
:1011000008B50A4628B90549054803F0C6FC034856
:1011100008BD0249024803F0C0FCF8E72806002099
:10112000E0BE0008002070470020704738B5044634
:1011300003F01EFF044D2146284603F067FE2846B3
:1011400003F083FE002038BD6403002010B5064C78
:1011500000220649204603F051FE0549204603F0CF
:1011600055FE002010BD00BF6403002028080020A9
:1011700028100020094BD3F8B832D3F814320BB141
:101180000120704710B5054C0A460146204603F081
:1011900035FE204603F040FE10BD00BF6403002072
:1011A00010B50846144691B2FFF7E4FF204610BD83
:1011B000022805D8DFE800F005040200012070478E
:1011C0000220704702680E4B9A4200D0704700B56B
:1011D00083B003F5DA33DA6942F40002DA61DB69DD
:1011E00003F400030193019B00220521142002F067
:1011F000BFFF142002F0CCFF03B05DF804FB00BF7A
:10120000005C004008B500F52671D0F8D40203F068
:1012100004F808BD08B501EB810300EBC303D3F864
:101220006421D0F8D40203F025F808BD08B501EB1D
:10123000810300EBC3035A6AD0F8D40203F060F8CC
:1012400008BD08B5D0F8D40203F001F908BD10B507
:1012500004468379022B09D10121D4F8D40203F08A
:10126000DFF8D4F8D40203F0B3F810BDFFF71EFD89
:10127000F2E7000010B50446D0F8D40203F0D3F82A
:10128000A37A23B1024A136943F00603136110BD28
:1012900000ED00E008B5D0F8D40203F0CDF808BDA9
:1012A00010B504461D48C0F8D442C4F8C0021C4B17
:1012B0000360082303710223837100238372C372C6
:1012C000037300F023F930BB182300221146D4F831
:1012D000C00201F092F8582300228021D4F8C00205
:1012E00001F08BF8C02300228121D4F8C00201F064
:1012F00084F84FF4887300220121D4F8C00201F071
:101300007CF84FF4807300228221D4F8C00201F0EF
:1013100074F8002010BDFFF7C9FCD5E7481A00207B
:10132000005C004008B5D0F8C00200F063F9FFF798
:101330003FFF08BD08B594461A466346D0F8C00280
:1013400000F018FFFFF734FF08BD08B5D0F8C00261
:1013500000F052FFFFF72CFF08BD08B5D0F8C0021F
:1013600000F0CCFFFFF724FF08BD08B5D0F8C0029D
:1013700001F004F8FFF71CFF08BDD0F8C03211F0EF
:10138000800F08D101F07F0101EB810103EBC10364
:1013900093F85201704701F07F0101EB810103EBEB
:1013A000C103987C704708B5D0F8C00200F0F7FD83
:1013B000FFF7FEFE08BD08B5D0F8C00200F078FFC8
:1013C000FFF7F6FE08BD08B5D0F8C00200F04AFFEE
:1013D000FFF7EEFE08BD08B5D0F8C00200F05FFFD1
:1013E00008BD00000048704728180020704770476B
:1013F00038B512F4804F44D00468B4F850309BB232
:1014000091F800C003EBCC03023304EB4304B4F8BF
:101410000044C4F309048B69A34228D31B1B8B61CE
:101420008B697BB9056835F82C309BB223F4804377
:1014300023F0700383F4005343F4004343F080032C
:1014400025F82C3012F0400F0ED002680D7832F8DB
:1014500025309BB223F4E04323F0700343F40043B0
:1014600043F0C00322F8253024B9204638BD0023BC
:101470008B61D5E723460A894969006801F05AFF64
:10148000F3E70468B4F850309BB291F800C003EB66
:10149000CC03063304EB4304B4F80044C4F309045A
:1014A0008B69A3422FD31B1B8B618B697BB90568AA
:1014B00035F82C309BB223F4804323F0700383F47F
:1014C000005343F4004343F0800325F82C3012F01E
:1014D000400F0FD1026891F800C032F82C309BB257
:1014E00023F4E04323F0700343F4004343F0C003CC
:1014F00022F82C30002CB8D023464A89496900686C
:1015000001F018FFB1E700238B61CEE738B5002862
:101510006ED0044690F89132A3B1032384F891323F
:1015200000236371206800F094FF234653F8040BF6
:101530000ECB00F07EFF50B1022384F891320125DA
:10154000284638BD80F89032FFF73CFEE5E70021E1
:10155000206800F088FF0346A8B90246207990422F
:1015600016D902EB820104EBC101012048740A7410
:101570000020C87408624862013202EB8201C9008F
:101580006050D2B2EAE7022384F891320125D7E70E
:10159000984217D903EB830204EBC202002182F8C0
:1015A000511182F8503182F85311C2F86011C2F81B
:1015B000641103EB830204EBC202C2F86811013329
:1015C000DBB2E5E7234653F8040B0ECB00F04DFFEA
:1015D000054620B1022384F891320125B0E70023AB
:1015E0006373012384F89132206801F09DFAA7E724
:1015F0000125A5E738B590F89032012B11D00446AB
:10160000012580F89052006800F01AFF2946204614
:10161000FFF7EDFE206801F085FA002084F89002C3
:1016200038BD0220FCE770B505460C46164612F0A0
:10163000400F00F00E810268B2F850309BB209787A
:1016400003EBC103023302EB4302B2F80024C2F3FE
:101650000902A36993424ED99B1AA361A369002B87
:1016600066D16378002B49D12B68B3F8502092B231
:10167000134403EB0113B3F80424C2F30902A3F8E3
:101680000424B3F804246FEA42426FEA524292B251
:10169000A3F804242B686278002A3CD1B3F85020C8
:1016A00092B21344227803EB0213B3F80C24C2F372
:1016B0000902A3F80C24B3F80C246FEA42426FEA43
:1016C000524292B2A3F80C2421782846FFF7AEFDCF
:1016D00016F4804F41D02A68217832F821309BB22D
:1016E00023F4E04323F0700343F4404343F08003CA
:1016F00022F8213031E00023A361AFE7012BC9D1EB
:101700002B68B3F8502092B2134403EB011300226C
:10171000A3F80424BEE7012AD6D1B3F8502092B230
:101720001344227803EB02130022A3F80C24CBE726
:1017300016F4804F0DD0286830F821309BB223F486
:10174000E04323F0700343F4404343F0800320F868
:10175000213094F82430012B12D02A68217832F8F5
:1017600021309BB223F4E04323F0400383F03003A5
:1017700043F4004343F0800322F82130002070BD81
:10178000636913446361E3691344E361216A236974
:10179000994224D3C91A21626278002A44D12A6866
:1017A000B2F8501089B20A44217802EB0112B2F863
:1017B0000414C1F30901A2F804143E2B1BD95809E3
:1017C00013F01F0F00D10138B2F8041489B280025F
:1017D00080B2014341F40041A2F8041426E021B98B
:1017E000002384F824301346D6E7002384F82430FD
:1017F00023620B46D0E74BB9B2F804146FEA4141BB
:101800006FEA514189B2A2F804140FE0590813F0AD
:10181000010F00D00131B2F8040480B2890289B20C
:101820000143A2F8041401E0012A06D09BB22289E8
:101830006169286801F080F98FE72A68B2F85010D2
:1018400089B20A44217802EB011299B2A2F8041479
:10185000ECE70268B2F850309BB2097803EBC103A1
:10186000063302EB4302B2F80024C2F30902A36973
:1018700093424FD39B1AA361A369002B67D163786E
:10188000002B4AD12B68B3F8502092B2134403EBDB
:101890000113B3F80424C2F30902A3F80424B3F833
:1018A00004246FEA42426FEA524292B2A3F804243F
:1018B0002B686278002A3DD1B3F8502092B21344CD
:1018C000227803EB0213B3F80C24C2F30902A3F845
:1018D0000C24B3F80C246FEA42426FEA524292B2EF
:1018E000A3F80C2421782846FFF7A0FC16F4804FBB
:1018F0007FF433AF2A68217832F821309BB223F489
:10190000E04323F0700343F4404343F0800322F8A4
:10191000213022E70023A361AEE7012BC8D12B6859
:10192000B3F8502092B2134403EB01130022A3F842
:101930000424BDE7012AD5D1B3F8502092B2134454
:10194000227803EB02130022A3F80C24CAE716F452
:10195000804F0DD1286830F821309BB223F4E0434A
:1019600023F0700343F4404343F0800320F8213018
:1019700094F82430012B7FF4F0AE63691344636163
:10198000E3691344E361216A2369994224D3C91AA4
:1019900021622A686178002943D1B2F8501089B2D7
:1019A0000A44217802EB0112B2F80C14C1F30901C8
:1019B000A2F80C143E2B1BD9580913F01F0F00D1AD
:1019C0000138B2F80C1489B2800280B2014341F4AC
:1019D0000041A2F80C1426E021B9002384F8243039
:1019E0001346D6E70023236284F824300B46D0E761
:1019F0004BB9B2F80C146FEA41416FEA514189B218
:101A0000A2F80C140FE0590813F0010F00D00131B7
:101A1000B2F80C0480B2890289B20143A2F80C1416
:101A200001E0012906D09BB262896169286801F052
:101A300083F892E6B2F8501089B20A44217802EB9A
:101A4000011299B2A2F80C14EDE72DE9F041054618
:101A50002868B0F8443013F4004F00F09D82B0F8CD
:101A60004440A3B214F00F0440F0DE8013F0100FD6
:101A70006BD003889AB213F4006F40F0998012F48F
:101A8000004FE5D0038823F070031B051B0D43F0C6
:101A9000800303802868B0F850309BB295F850213D
:101AA00003EBC203063300EB4303B3F80034C3F384
:101AB0000903C5F86C318BB1D5F8641171B1B5F873
:101AC000562101F037FCD5F86431D5F86C21134468
:101AD000C5F8643100212846FFF79CFB2A6813886B
:101AE00099B213F4006FB3D101F44051B1F5405FE6
:101AF000AED0B2F850309BB21A44B2F80C34C3F3F3
:101B00000903A2F80C34D5F860313E2B73D959097A
:101B100013F01F0F00D10139B2F80C349BB28902C7
:101B200089B20B4343F40043A2F80C342A681388AB
:101B30009BB223F4804323F0700383F4405343F4B7
:101B4000004343F08003138082E703889BB223F4B1
:101B5000E14323F070036FEA43436FEA53439BB2C0
:101B600003802A68B2F850309BB2297C03EBC10392
:101B7000023302EB4302B2F80034C3F30903EB6211
:101B80006A6A1A446A6200212846FFF74FFB6B7BA2
:101B9000002B3FF45DAFAB6A002B7FF459AF6B7B3A
:101BA0002A6843F08003A2F84C3000236B734FE7A0
:101BB000B0F850309BB295F8502103EBC2030633C6
:101BC00000EB4303B3F80034C3F30903C5F86C31E9
:101BD000B5F8562105F5267101F0ACFB2A6813888B
:101BE00023F070031B051B0D43F080031380284670
:101BF000FFF708FB2CE74BB9B2F80C346FEA43430C
:101C00006FEA53439BB2A2F80C348FE7590813F0E4
:101C1000010F00D00131B2F80C3498B28B029BB2A4
:101C20000343A2F80C3481E730F824309EB213F459
:101C3000004F50D116F0800F3FF40AAF04EB84013F
:101C4000C900103129442A6832F824309BB223F4A9
:101C5000E14323F070036FEA43436FEA53439BB2BF
:101C600022F8243004EB840305EBC303DB7C012B57
:101C700000F0F28016F4807F40F089812868B0F887
:101C800050309BB204EB840205EBC202167C03EBDE
:101C9000C603023300EB4303B3F80034C3F3090374
:101CA000621C02EB820255F832209A4240F25281C5
:101CB000671C07EB8707D21A45F83720621C02EB36
:101CC000820255F83220002A40F04B8131462846E6
:101CD000FFF7ACFABCE630F8243023F070031B05A4
:101CE0001B0D43F0800320F8243004EB8401C9006D
:101CF00001F5A87105EB010804EB840305EBC303B0
:101D000093F85C31002B42D12868B0F850309BB278
:101D100004EB840205EBC20292F8502103EBC203EC
:101D2000063300EB4303B3F80074C7F3090717BB8E
:101D300004EB840305EBC303D3F86C213A44C3F8E6
:101D40006C21D3F864213A44C3F86421D3F8683194
:101D50003BB104EB840305EBC303D3F860319F422E
:101D600075D204EB840305EBC30393F850112846A6
:101D7000FFF750FA5EE704EB840105EBC1013B4637
:101D8000B1F85621D1F8641101F0D4FAD0E704EB90
:101D9000840305EBC30393F85331022B35D0296834
:101DA00004EB840205EBC20292F8500131F82030B6
:101DB0009BB223F4E04323F0700343F4004343F069
:101DC000C00321F82030286892F8502130F82230E2
:101DD00013F4804F20D0B0F850309BB203EBC20315
:101DE000023300EB4303B3F80074C7F30907002F75
:101DF0009ED004EB840105EBC1013B46B1F85821AC
:101E0000D1F8641101F096FA92E73246414628462D
:101E1000FFF7EEFA07468BE7B0F850309BB203EBC2
:101E2000C203063300EB4303B3F80074C7F309079A
:101E3000002F3FF47DAF04EB840105EBC1013B466D
:101E4000B1F85A21D1F8641101F074FA70E74146F3
:101E5000286800F084FEEDE6631C03EB8303DB00DF
:101E60000022EA5004EB840305EBC3031B7F1BB382
:101E700016F0400F3BD004EB840305EBC3035B7CFF
:101E80001BBB2B68B3F8502092B2134404EB8402BE
:101E900005EBC202127C03EB0213B3F80424C2F375
:101EA0000902A3F80424B3F804246FEA42426FEA5B
:101EB000524292B2A3F8042404EB840405EBC40458
:101EC000217C2846FFF7B2F9C2E5012BF4D12B683B
:101ED000B3F8502092B2134404EB840205EBC20223
:101EE000127C03EB02130022A3F80424E4E72B681E
:101EF00004EB840205EBC202527CD2B9B3F8502045
:101F000092B2134404EB840205EBC202127C03EB91
:101F10000213B3F80C24C2F30902A3F80C24B3F89B
:101F20000C246FEA42426FEA524292B2A3F80C24A8
:101F3000C2E7012AC0D1B3F8502092B2134404EB97
:101F4000840205EBC202127C03EB02130022A3F809
:101F50000C24B1E7621C02EB8202D2000027AF50D2
:101F6000ACE604EB840205EBC202566A1E445662DC
:101F7000013404EB840205EBC202526804EB8404D2
:101F800005EBC4041344636000F0E9FD60E53246EC
:101F90002846FFF748FB5BE50020BDE8F08190F89C
:101FA0009032012B0CD010B50446012380F89032FA
:101FB0004173006800F0B0FD002084F8900210BD6D
:101FC0000220704710B584B00446006800F0AEFDF2
:101FD00010F4004F20D110F4806F21D110F4804F05
:101FE0002FD110F4005F37D110F4805F3ED110F490
:101FF000006F40F0878010F4007F40F0AE8010F456
:10200000807F27D02268B2F844309BB223F48073DB
:102010009BB2A2F844301DE02046FFF716FD19E000
:102020002268B2F844309BB223F480639BB2A2F8DA
:1020300044302046FFF70BF900212046FFF7AFFFA1
:1020400008E02268B2F844309BB223F480439BB28C
:10205000A2F8443004B010BD2268B2F844309BB2FC
:1020600023F400539BB2A2F84430F3E72268B2F89D
:1020700040309BB223F004039BB2A2F840302268A8
:10208000B2F840309BB223F008039BB2A2F8403074
:102090002046FFF7FFF82268B2F844309BB223F4E1
:1020A00080539BB2A2F84430D4E7226832F8231060
:1020B00004AA02EB430222F8101C0133DBB2072B07
:1020C000F3D92268B2F840309BB243F00103A2F882
:1020D00040302268B2F840309BB223F001039BB23B
:1020E000A2F840302368B3F8442012F4806FF9D08E
:1020F000B3F8442092B222F4806292B2A3F8442052
:1021000000230BE00023DAE7226804A901EB430176
:1021100031F8101C22F823100133DBB2072BF3D95E
:102120002268B2F840309BB243F00803A2F8403076
:102130002268B2F844309BB223F400639BB2A2F849
:1021400044302268B2F840309BB243F00403A2F856
:1021500040302046FFF78EF87CE72268B2F8443022
:102160009BB223F400739BB2A2F844302046FFF7E1
:1021700068F86FE710B50446084611F0800F26D1C5
:1021800001F0070C0CEB8C0E4FEACE0E0EF5A87E7C
:1021900004EB0E010CEB8C0C04EBCC0C4FF0000E9E
:1021A0008CF851E100F0070008700A61CB70022B37
:1021B0001DD094F89032012B1CD0012384F890326A
:1021C000206800F063F9002084F8900210BD01F04F
:1021D000070C0CEB8C01C900103121440CEB8C0C6A
:1021E00004EBCC0C4FF0010E8CF811E0DAE7002381
:1021F0000B71DEE70220E9E710B504460A4611F04C
:10220000800F1FD101F0070000EB8003DB0003F516
:10221000A873E11800EB800004EBC000002380F8F5
:10222000513102F007020A7094F89032012B17D056
:10223000012384F89032206800F00DFB002084F820
:10224000900210BD01F0070000EB8003DB001033AB
:10225000E11800EB800004EBC00001234374E0E7C9
:102260000220EEE710B501F0070C0CEB8C01C90061
:1022700001F5A8710CEB8C0E00EBCE0ECEF86421AC
:10228000CEF868310024CEF86C418EF851418EF8BA
:1022900050C10144006800F062FC204610BD01F00E
:1022A000070101EB810100EBC100D0F86C01704720
:1022B00038B501F0070C0CEB8C01C90010310CEBA8
:1022C0008C0E00EBCE0ECEF824200CF1010202EBB6
:1022D000820440F8343001258EF83450CEF8303086
:1022E00000EBC402002454608EF811508EF810C028
:1022F0000144006800F033FC204638BD38B501F0D9
:1023000007050279AA4235D304460B4611F0800F27
:102310001ED101EB8101C90001F5A871014403EB55
:10232000830300EBC303002283F8512101238B7048
:102330000D7094F89032012B1ED0012384F8903256
:10234000206800F073FB7DB1002084F8900238BD56
:1023500005EB8501C9001031014405EB850300EB55
:10236000C30301225A74E1E704F52671206800F0E6
:10237000E1FBE9E70120EAE70220E8E70B46017903
:1023800003F00F02914234D310B5044613F0800FCE
:1023900021D103F0070202EB8201C90001F5A87107
:1023A000014402EB820200EBC202002082F85101DC
:1023B00000228A7003F007030B7094F89032012B0F
:1023C00019D0012384F89032206800F054FB0020DB
:1023D00084F8900210BD03F0070202EB8201C900ED
:1023E0001031014402EB820200EBC2020120507462
:1023F000DEE7012070470220ECE711F0800F0BD0E0
:1024000001F0070101EB8101C9001031084452B904
:102410000273C3800020704701EB8101C90001F500
:10242000A8710844F3E70122027303811B0C438166
:10243000F0E784B004A800E90E00002004B0704763
:1024400003460020A3F844004FF43F42A3F8402085
:102450007047B0F8403023F47C535B045B0CA0F869
:102460004030002070470020704784B0844604A8A4
:1024700000E90E000123ACF840300020ACF8400029
:10248000ACF84400ACF8500004B0704710B50346F7
:1024900091F800C030F82C2092B222F4EC4222F0E5
:1024A000700292B2C878032861D8DFE800F0555C6A
:1024B0000258002048F2800E42EA0E0223F82C2037
:1024C00091F800C033F82C2092B222F4E04222F0BE
:1024D000700242EA0C0242EA0E0223F82C200A7B28
:1024E000002A40F0DC804A78002A51D0B3F850200E
:1024F00092B21A440C7802EB0412B1F806C04FEA0B
:102500005C0C4FEA4C0CA2F800C40C7833F8242081
:1025100012F0400F0CD033F8242092B222F4E042A3
:1025200022F0700242F4004242F0C00223F824205C
:10253000CA78012A1DD0097833F8212092B222F4FA
:10254000E04222F0400282F0200242F4004242F0D7
:10255000800223F8212017E142F40072AAE742F436
:10256000C0620020A6E742F480620020A2E70120BA
:10257000A0E7097833F8212092B222F4E04222F059
:10258000400242F4004242F0800223F82120FBE0A6
:10259000B3F8502092B21A440C7802EB0412B1F84E
:1025A00006C04FEA5C0C4FEA4C0CA2F808C4B3F822
:1025B000502092B21A440C7802EB0412B2F80CC408
:1025C000CCF3090CA2F80CC40C693E2C39D94FEAA3
:1025D000541E14F01F0F01D10EF1FF3EB2F80CC4CF
:1025E0001FFA8CFC4FEA8E2E1FFA8EFE4CEA0E0C60
:1025F0004CF4004CA2F80CC40C7833F8242012F4EC
:10260000804F0CD033F8242092B222F4E04222F022
:10261000700242F4404242F0800223F824200978FC
:1026200069BB33F8212092B222F4804222F070027A
:1026300082F4405242F4004242F0800223F821200A
:10264000A2E04CB9B2F80C446FEA44446FEA544437
:10265000A4B2A2F80C44CFE74FEA540C14F0010FD7
:1026600001D00CF1010CB2F80C44A4B24FEA8C2C4E
:102670001FFA8CFC44EA0C04A2F80C44BCE733F8C3
:10268000212092B222F4804222F0700282F40052A1
:1026900042F4004242F0800223F8212074E0CA781C
:1026A000022A72D00C7833F8242092B222F4E2424B
:1026B00022F0700242F4004242F0800223F824200B
:1026C000B3F8502092B21A4491F800C002EB0C12F9
:1026D000B1F808C04FEA5C0C4FEA4C0CA2F800C4F9
:1026E000B3F8502092B21A4491F800C002EB0C12D9
:1026F000B1F80AC04FEA5C0C4FEA4C0CA2F808C4CF
:102700004A78002A50D10C7833F8242012F4804FF4
:102710000CD033F8242092B222F4E04222F070026E
:1027200042F4404242F0800223F824200C7833F82F
:10273000242012F0400F0CD033F8242092B222F45F
:10274000E04222F0700242F4004242F0C00223F85C
:10275000242091F800C033F82C2092B222F4804259
:1027600022F0700282F4405248F28004224323F89F
:102770002C20097833F8212092B222F4E04222F092
:102780004002224323F8212010BD0C7833F8242086
:1027900092B222F4E04222F0700242F4014242F08E
:1027A000800223F824208BE70C7833F8242012F4DD
:1027B000804F0CD033F8242092B222F4E04222F071
:1027C000700242F4404242F0800223F824200C7848
:1027D00033F8242012F0400F0CD033F8242092B2AA
:1027E00022F4E04222F0700242F4004242F0C002C1
:1027F00023F82420CA78012A1ED00C7833F824202C
:1028000092B222F4E04222F0400282F0200242F42E
:10281000004242F0800223F82420097833F8212076
:1028200092B222F4804222F0700242F4004242F05E
:10283000800223F82120A7E70C7833F8242092B2F5
:1028400022F4E04222F0400242F4004242F08002D0
:1028500023F82420E1E70B7B002B46D14B7813B300
:102860000A7830F8223013F0400F0CD030F82230C4
:102870009BB223F4E04323F0700343F4004343F09E
:10288000C00320F822300A7830F822309BB223F4BB
:10289000E04323F0400343F4004343F0800320F877
:1028A0002230002070470A7830F8223013F4804F2D
:1028B0000CD030F822309BB223F4E04323F07003B5
:1028C00043F4404343F0800320F822300A7830F884
:1028D00022309BB223F4804323F0700343F400437F
:1028E00043F0800320F82230DBE74B78002B4ED1F9
:1028F0000A7830F8223013F4804F0CD030F82230B0
:102900009BB223F4E04323F0700343F4404343F0CD
:10291000800320F822300A7830F8223013F0400F7C
:102920000CD030F822309BB223F4E04323F0700344
:1029300043F4004343F0C00320F822300A7830F813
:1029400022309BB223F4E04323F0700343F40043AE
:1029500043F0C00320F822300A7830F822309BB2CE
:1029600023F4804323F0700348F2800C43EA0C0305
:1029700020F822300A7830F822309BB223F4E0436A
:1029800023F0400343EA0C0320F8223089E70A7859
:1029900030F8223013F4804F0CD030F822309BB244
:1029A00023F4E04323F0700343F4404343F08003F7
:1029B00020F822300A7830F8223013F0400F0CD083
:1029C00030F822309BB223F4E04323F0700343F449
:1029D000004343F0C00320F822300A7830F8223058
:1029E0009BB223F4E04323F0700343F4404343F0ED
:1029F000800320F822300A7830F822309BB223F48A
:102A0000E04323F0400348F2800C43EA0C0320F833
:102A100022300A7830F822309BB223F4804323F02E
:102A2000700343EA0C0320F822303AE74B788BB16D
:102A30000A7830F822309BB223F4E04323F04003BD
:102A400083F0100343F4004343F0800320F8223066
:102A5000002070470A7830F822309BB223F480437C
:102A600023F0700383F4805343F4004343F0800366
:102A700020F82230ECE70B7B002B4BD14B7833B3A3
:102A80000A7830F8223013F0400F0CD030F82230A2
:102A90009BB223F4E04323F0700343F4004343F07C
:102AA000C00320F82230CB78012B33D00A7830F8DD
:102AB00022309BB223F4E04323F0400383F0200351
:102AC00043F4004343F0800320F8223022E00A78E8
:102AD00030F8223013F4804F0CD030F822309BB203
:102AE00023F4E04323F0700343F4404343F08003B6
:102AF00020F822300A7830F822309BB223F4804349
:102B000023F0700383F4405343F4004343F0800305
:102B100020F822300020704711B98023A0F84C30F3
:102B2000002070470020704700207047B0F8440034
:102B300080B270470020704701335B0800EB420011
:102B400000F5806008E00A7891F801C042EA0C22A2
:102B500020F8042B0231013B002BF4D1704770B5F3
:102B600005460C464A78012A3BD00B7B002B40F0EF
:102B7000A6828B690A69934240F284829B1A8B6118
:102B8000B5F850309BB22B44217803EB0113B3F816
:102B90000C14C1F30901A3F80C143E2A40F276820A
:102BA000510912F01F0F00D10139B3F80C2492B271
:102BB000890289B20A4342F40042A3F80C24227825
:102BC00035F822309BB223F4804323F0700383F462
:102BD000405343F4004343F0800325F822300020A3
:102BE00070BD8E6909698E4200D90E46237B73B38E
:102BF000E378022B4DD0236A9B1B2362217835F8A2
:102C0000213013F0400F00F0F581002A40F0E281FE
:102C1000B5F850309BB22B4403EB0113B3F80C24EE
:102C2000C2F30902A3F80C243E2E40F2BA817109C6
:102C300016F01F0F00D10139B3F80C2492B28902AB
:102C400089B20A4342F40042A3F80C24CBE1B6B2A5
:102C50003346E28861692846FFF76EFFB5F85030C9
:102C60009BB22B44227803EB0213A3F8046422786E
:102C700035F822309BB223F4E04323F0400383F085
:102C8000300343F4004343F0800325F82230002052
:102C9000A6E7236A994280F06681227835F82230CF
:102CA0009BB223F4E04323F0700343F4014343F069
:102CB000800325F82230236A9B1B2362227835F893
:102CC000223013F0400F00F0A7806378B3BBB5F853
:102CD00050309BB22B4403EB0213B3F80C24C2F325
:102CE0000902A3F80C243E2E0FD9710916F01F0F0C
:102CF00000D10139B3F80C2492B2890289B20A4397
:102D000042F40042A3F80C241AE04EB9B3F80C24A4
:102D10006FEA42426FEA524292B2A3F80C240FE0EB
:102D2000720816F0010F00D00132B3F80C1489B20A
:102D3000920292B20A43A3F80C2401E0012B30D096
:102D4000B3B2628961692846FFF7F6FE63693344CE
:102D50006361236A226993422DD99B1B23626378A6
:102D6000002B45D1B5F850309BB22B44227803EBB1
:102D70000213B3F80424C2F30902A3F804243E2E7C
:102D80001DD9710916F01F0F00D10139B3F80424C1
:102D900092B2890289B20A4342F40042A3F80424A1
:102DA00028E0B5F850309BB22B4403EB0213B2B2CB
:102DB000A3F80C24C4E7002222621E46CFE74EB9D6
:102DC000B3F804246FEA42426FEA524292B2A3F887
:102DD00004240FE0720816F0010F00D00132B3F89E
:102DE000041489B2920292B20A43A3F8042401E0C7
:102DF000012B06D0B3B2228961692846FFF79CFEF9
:102E000035E7B5F850309BB22B44227803EB021320
:102E1000B2B2A3F80424EDE76378B3BBB5F8503041
:102E20009BB22B4403EB0213B3F80424C2F3090250
:102E3000A3F804243E2E0FD9710916F01F0F00D1FC
:102E40000139B3F8042492B2890289B20A4342F4E8
:102E50000042A3F804241AE04EB9B3F804246FEA40
:102E600042426FEA524292B2A3F804240FE0720881
:102E700016F0010F00D00132B3F8041489B29202A7
:102E800092B20A43A3F8042401E0012B30D0B3B27C
:102E9000228961692846FFF74FFE63693344636105
:102EA000236A226993422DD99B1B23626378002BEE
:102EB00045D1B5F850309BB22B44227803EB021376
:102EC000B3F80C24C2F30902A3F80C243E2E1DD93A
:102ED000710916F01F0F00D10139B3F80C2492B21A
:102EE000890289B20A4342F40042A3F80C2428E084
:102EF000B5F850309BB22B4403EB0213B2B2A3F8E7
:102F00000424C4E7002222621E46CFE74EB9B3F87C
:102F10000C246FEA42426FEA524292B2A3F80C24A8
:102F20000FE0720816F0010F00D00132B3F80C1454
:102F300089B2920292B20A43A3F80C2401E0012B59
:102F400006D0B3B2628961692846FFF7F5FD8EE6C7
:102F5000B5F850309BB22B44227803EB0213B2B287
:102F6000A3F80C24EDE7217835F8212092B222F461
:102F7000E24222F0700242F4004242F0800225F860
:102F80002120B5F8502092B22A44217802EB011298
:102F90009BB2A2F80434228961692846FFF7CCFD70
:102FA00065E64EB9B3F80C246FEA42426FEA52422A
:102FB00092B2A3F80C2416E0720816F0010F00D0AC
:102FC0000132B3F80C1489B2920292B20A43A3F808
:102FD0000C2408E0B5F850309BB22B4403EB0113EE
:102FE000B2B2A3F80C24B3B2628961692846FFF734
:102FF000A3FD3CE6B2BBB5F850309BB22B4403EBCB
:103000000113B3F80424C2F30902A3F804243E2EEA
:103010000FD9710916F01F0F00D10139B3F804243C
:1030200092B2890289B20A4342F40042A3F804240E
:1030300021E04EB9B3F804246FEA42426FEA5242EB
:1030400092B2A3F8042416E0720816F0010F00D023
:103050000132B3F8041489B2920292B20A43A3F87F
:10306000042408E0B5F850309BB22B4403EB011365
:10307000B2B2A3F80424B3B2228961692846FFF7EB
:103080005BFDF4E500228A611A4679E54AB9B3F896
:103090000C246FEA42426FEA524292B2A3F80C2427
:1030A0008DE5510812F0010F00D00131B3F80C2466
:1030B00092B2890289B20A43A3F80C247FE5CB7847
:1030C000022B4DD0012B40F033818969236999424D
:1030D00040F2EA80C91AA161F2B9B5F8502092B263
:1030E0002A44217802EB0112B2F80414C1F3090159
:1030F000A2F804143E2B40F2DB80580913F01F0F96
:1031000000D10138B2F8041489B2800280B20143C0
:1031100041F40041A2F804146278002A40F0FA80D9
:10312000B5F8502092B22A44217802EB0112B2F88D
:103130000C14C1F30901A2F80C143E2B40F2D1800B
:10314000590913F01F0F00D10139B2F80C349BB2AA
:10315000890289B20B4343F40043A2F80C342EE5F4
:10316000F2B9B0F850309BB203440A7803EB021373
:10317000B3F80424C2F30902A3F804240A693E2A1E
:1031800031D9510912F01F0F00D10139B3F80424CD
:1031900092B2890289B20A4342F40042A3F804249D
:1031A0006378002B51D1B5F850309BB22B44227874
:1031B00003EB0213B3F80C24C2F30902A3F80C24A6
:1031C00022693E2A28D9510912F01F0F00D1013976
:1031D000B3F80C2492B2890289B20A4342F4004245
:1031E000A3F80C2433E04AB9B3F804246FEA42424E
:1031F0006FEA524292B2A3F80424D1E7510812F0C8
:10320000010F00D00131B3F8042490B28A0292B2C7
:103210000243A3F80424C3E74AB9B3F80C246FEAC5
:1032200042426FEA524292B2A3F80C240FE05108D6
:1032300012F0010F00D00131B3F80C2490B28A02D1
:1032400092B20243A3F80C2401E0012B1CD0E369E5
:10325000002B3FF4B4AC227835F8223099B213F445
:10326000804F1CD011F0400F3FF4A9AC35F822304C
:103270009BB223F4E04323F0700343F4004343F094
:10328000C00325F822309AE4B5F850309BB22B44A5
:10329000227803EB0213228AA3F80C24D7E711F05B
:1032A000400F7FF48CACE1E70023A3610B4613E7EA
:1032B0004BB9B2F804146FEA41416FEA514189B247
:1032C000A2F8041428E7590813F0010F00D00131C7
:1032D000B2F8040480B2890289B20143A2F804144E
:1032E0001AE74BB9B2F80C346FEA43436FEA534321
:1032F0009BB2A2F80C3462E4590813F0010F00D01D
:103300000131B2F80C3498B28B029BB20343A2F89D
:103310000C3454E4012A7FF452ACB5F8502092B238
:103320002A44217802EB01129BB2A2F80C3446E445
:10333000012055E410B45C0800EB420000F5806009
:1033400007E030F8042B0A70C2F307224A700231FA
:10335000013C002CF5D113F0010F01D003880B7054
:1033600010BC704708B5074A136843F01003136098
:10337000032000F0EBFE0F2002F004F9FDF7E4FD5E
:10338000002008BD00200240034A1168034B1B784F
:103390000B441360704700BF201D00206000002018
:1033A000014B1868704700BF201D002082B0084BF9
:1033B0001B68084AA2FB03235B0A00FB03F301938B
:1033C00000BF019B5A1E0192002BF9D102B0704739
:1033D00068000020D34D6210002800F0F18170B524
:1033E00082B00446036813F0010F2CD0994B5B6840
:1033F00003F00C03042B1DD0964B5B6803F00C0309
:10340000082B12D06368B3F5803F41D0002B55D113
:1034100003F1804303F504331A6822F480321A6002
:103420001A6822F480221A6037E08A4B5B6813F432
:10343000803FE7D0874B1B6813F4003F03D06368DD
:10344000002B00F0BF81236813F0020F75D0814B71
:103450005B6813F00C0F5FD07E4B5B6803F00C03CE
:10346000082B54D02369002B00F08A807A4B01226C
:103470001A60FFF795FF0546764B1B6813F0020FA5
:1034800075D1FFF78DFF401B0228F5D903209EE17F
:10349000704A136843F480331360636843B3FFF7E3
:1034A0007FFF05466B4B1B6813F4003FCBD1FFF742
:1034B00077FF401B6428F5D9032088E1B3F5A02FDE
:1034C00009D0644B1A6822F480321A601A6822F418
:1034D00080221A60E1E703F18043A3F53C331A68C8
:1034E00042F480221A601A6842F480321A60D4E7EB
:1034F000FFF756FF0546574B1B6813F4003FA2D059
:10350000FFF74EFF401B6428F5D903205FE1514BC4
:103510005B6813F4803FA5D14E4B1B6813F0020F7C
:1035200003D02369012B40F04F814A4A136823F0EE
:10353000F803616943EAC1031360236813F0080FBD
:1035400033D0A369002B5CD0434B0122C3F8802405
:10355000FFF726FF05463F4B5B6A13F0020F21D1B0
:10356000FFF71EFF401B0228F5D903202FE1394A3F
:10357000136823F0F803616943EAC1031360DCE7D1
:10358000354B00221A60FFF70BFF0546314B1B68D5
:1035900013F0020FD1D0FFF703FF401B0228F5D92B
:1035A000032014E10120FFF701FF236813F0040F4B
:1035B00000F09680274BDB6913F0805F34D1254BF8
:1035C000DA6942F08052DA61DB6903F080530193DB
:1035D000019B0125214B1B6813F4807F26D0E368F3
:1035E000012B3DD0002B53D103F1804303F504336D
:1035F0001A6A22F001021A621A6A22F004021A629E
:1036000033E0154B0022C3F88024FFF7C9FE0546BE
:10361000104B5B6A13F0020FC7D0FFF7C1FE401BCF
:103620000228F5D90320D2E00025D3E70B4A13681E
:1036300043F480731360FFF7B3FE0646074B1B6825
:1036400013F4807FCBD1FFF7ABFE801B6428F5D944
:103650000320BCE000100240000042420070004025
:103660005F4A136A43F001031362E36833B3FFF761
:1036700097FE06465A4B1B6A13F0020F2FD1FFF735
:103680008FFE801B41F288339842F3D903209EE0DD
:10369000052B09D0524B1A6A22F001021A621A6AEB
:1036A00022F004021A62E0E74D4B1A6A42F004026B
:1036B0001A621A6A42F001021A62D6E7FFF770FE38
:1036C0000646474B1B6A13F0020F08D0FFF768FE4F
:1036D000801B41F288339842F3D9032077E0E5B9A3
:1036E000E369002B72D03E4A526802F00C02082AAD
:1036F00056D0022B17D03B4B00221A66FFF750FE24
:103700000446374B1B6813F0007F47D0FFF748FE95
:10371000001B0228F5D9032059E0314AD36923F070
:103720008053D361DCE72F4B00221A66FFF738FE87
:1037300005462B4B1B6813F0007F06D0FFF730FEC9
:10374000401B0228F5D9032041E0236AB3F5803FEE
:103750001AD023494B6823F47413226A606A024327
:1037600013434B601F4B01221A66FFF719FE0446F4
:103770001B4B1B6813F0007F0ED1FFF711FE001BDF
:103780000228F5D9032022E0154A536823F40033B8
:10379000A1680B435360DCE7002018E0002016E02E
:1037A000012B16D00E4B5B6803F48031226A9142E4
:1037B00011D103F47013626A93420ED1002006E027
:1037C00001207047012002E0012000E0002002B04B
:1037D00070BD0120FBE70120F9E70120F7E700BFFA
:1037E00000100240000042420F4B5B6803F00C02E5
:1037F000082A01D00D487047C3F383420C49885C06
:1038000013F4803F0BD0084B5B68C3F34043094A75
:10381000D35C064A02FB00F0B0FBF3F07047064BA6
:1038200003FB00F0704700BF0010024000127A0056
:1038300070BF00086CBF000800093D00002800F0C0
:10384000A08070B50D460446524B1B6803F0070379
:103850008B420BD24F4A136823F007030B431360CC
:10386000136803F007038B4240F08D80236813F048
:10387000020F17D013F0040F04D0474A536843F4E3
:10388000E0635360236813F0080F04D0424A536882
:1038900043F460535360404A536823F0F003A16837
:1038A0000B435360236813F0010F31D06368012B81
:1038B00020D0022B25D0384A126812F0020F64D0B3
:1038C00035494A6822F0030213434B60FFF768FD55
:1038D0000646314B5B6803F00C036268B3EB820F62
:1038E00016D0FFF75DFD801B41F288339842F0D976
:1038F000032045E0284A126812F4003FE0D101207D
:103900003EE0254A126812F0007FD9D1012037E04D
:10391000204B1B6803F00703AB420AD91D4A13680A
:1039200023F007032B431360136803F00703AB4234
:103930002DD1236813F0040F06D0174A536823F4DF
:10394000E063E1680B435360236813F0080F07D06E
:10395000114A536823F46053216943EAC103536059
:10396000FFF742FF0C4B5B68C3F303130B4AD35CB6
:10397000D8400B4B18600B4B186801F003FE002079
:1039800070BD012070470120FAE70120F8E701200F
:10399000F6E700BF002002400010024088BF000888
:1039A0006800002064000020014B1868704700BFC9
:1039B0006800002008B5FFF7F7FF044B5B68C3F30E
:1039C0000223034AD35CD84008BD00BF0010024068
:1039D00080BF00080F2303600B4B5A6802F00302FC
:1039E00042605A6802F0F00282605A6802F4E062B3
:1039F000C2605B68DB0803F4E0630361034B1B6890
:103A000003F007030B6070470010024000200240E3
:103A100070B582B00446036813F0010F36D03F4BF7
:103A2000DB6913F0805F4AD13C4BDA6942F0805287
:103A3000DA61DB6903F080530193019B0125384B68
:103A40001B6813F4807F3CD0344B1B6A13F4407323
:103A500013D0626802F440729A420ED02F4A136A61
:103A600023F440702F490126C1F840640026C1F8B4
:103A70004064106213F0010F37D1284A136A23F40F
:103A8000407361680B431362002D3FD1236813F02C
:103A9000020F06D0214A536823F44043A1680B4328
:103AA0005360236813F0100F35D01C4A536823F479
:103AB000800361690B435360002002B070BD002594
:103AC000BDE7174A136843F480731360FFF768FC7F
:103AD0000646134B1B6813F4807FB5D1FFF760FCDB
:103AE000801B6428F5D90320E7E7FFF759FC064659
:103AF0000A4B1B6A13F0020FBFD1FFF751FC801B6A
:103B000041F288339842F3D90320D6E7D36923F0F2
:103B10008053D361BAE70020CFE700BF0010024016
:103B2000007000400000424270B582B00024A446FC
:103B3000A8E0834DAB4214D00CD8A5F58015AB425C
:103B40000FD005F57025AB420BD0A5F58015AB4223
:103B50001FD106E07B4DAB4203D005F58035AB426B
:103B600017D18B68A3B1012B0DD04261082410E05E
:103B7000CC680EE0CC6804340BE0CC68083408E074
:103B8000CC680C3405E00261082402E0002400E067
:103B90000424BEF1FF0F41D806464FEA8C02336879
:103BA0000F25954023EA050304FA02F2134333601C
:103BB0004B6813F0805F63D0634B9A6942F0010257
:103BC0009A619B6903F001030193019B4FEA9C02F8
:103BD000951C5E4B53F825600CF00305AD000F23D8
:103BE000AB4026EA03065A4B98421ED003F5806389
:103BF000984200F0838003F58063984200F0808053
:103C000003F5806398427DD003F5806398427BD0B2
:103C100003F58063984206D0062307E0061DACF149
:103C200008029200BBE7052300E00023AB403343CA
:103C30000232464D45F822304B6813F4801F65D0A0
:103C4000444A936843EA0E0393604B6813F4001FE1
:103C500062D0404AD36843EA0E03D3604B6813F442
:103C6000003F5FD03B4A536843EA0E0353604B6802
:103C700013F4803F5CD0374A136843EA0E031360A5
:103C80000CF1010C0B6833FA0CF257D0012202FA46
:103C90000CF203EA020E32EA0303F1D14B68122B55
:103CA0003FF647AF122B3FF674AF01A555F823F04E
:103CB000633B0008713B00087B3B00088D3B00081C
:103CC000933B0008933B0008933B0008933B00089C
:103CD000933B0008933B0008933B0008933B00088C
:103CE000933B0008933B0008933B0008933B00087C
:103CF000933B0008753B0008813B0008012395E7D2
:103D0000022393E7032391E704238FE7114A936883
:103D100023EA0E03936098E70E4AD36823EA0E0362
:103D2000D3609BE70B4A536823EA0E0353609EE778
:103D3000084A136823EA0E031360A1E702B070BDBE
:103D4000000022100000311000100240000001406D
:103D500000080140000401400AB1016170470904F4
:103D600001617047002838D010B4024601681C4B2E
:103D7000994227D81B4B0B441B48A0FB03031B098C
:103D80009B001364194BD363022382F82130086827
:103D90006FF30D10536894682343D4682343146968
:103DA00023435469234394692343D469234303433E
:103DB0000B6000209063012382F8213082F82000FC
:103DC00010BC70470A4B0B440748A0FB03031B09B8
:103DD0009B001364074BD363D6E70120704700BFF5
:103DE00007040240F8FFFDBFCDCCCCCC0000024060
:103DF000F8FBFDBF0004024038B5C36B1A680468C5
:103E00002568016C04238B40134200F09B8015F061
:103E1000040F00F09780236813F0200F03D123686C
:103E200023F00403236003689A4A934246D9783A00
:103E3000934224D01432934228D01432934227D094
:103E40001432934227D01432934227D01432934233
:103E500027D01432934227D002F56272934226D0C3
:103E60001432934225D01432934224D01432934218
:103E700002D04FF4802203E04FF4804200E004229D
:103E8000854B5A60C36A03B1984738BD4022F7E7B3
:103E90004FF48062F4E74FF48042F1E74FF4802260
:103EA000EEE74FF48002EBE74FF08062E8E7042290
:103EB000E6E74022E4E74FF48062E1E7774A934285
:103EC00024D01432934225D01432934224D0143299
:103ED000934224D01432934224D01432934224D0FB
:103EE0001432934224D002F56272934223D01432EA
:103EF000934222D01432934221D01432934202D002
:103F00004FF4802203E04FF4804200E00422644B2F
:103F10005A60B7E74022FAE74FF48062F7E74FF4C0
:103F20008042F4E74FF48022F1E74FF48002EEE79D
:103F30004FF08062EBE70422E9E74022E7E74FF425
:103F40008062E4E702238B40134200F0AB8015F05F
:103F5000020F00F0A780236813F0200F06D123681A
:103F600023F00A032360012380F821300368494AC3
:103F700093424BD9783A934224D0143293422DD0B5
:103F8000143293422CD0143293422CD014329342E8
:103F90002CD0143293422CD0143293422CD002F500
:103FA000627293422BD0143293422AD0143293423D
:103FB00029D01432934202D04FF4003203E04FF480
:103FC000005200E00222344B5A60002380F8203077
:103FD000836A002B3FF459AF984756E72022F2E757
:103FE0004FF40072EFE74FF40052ECE74FF4003269
:103FF000E9E74FF40012E6E74FF00072E3E7022230
:10400000E1E72022DFE74FF40072DCE7234A934226
:1040100024D01432934225D01432934224D0143247
:10402000934224D01432934224D01432934224D0A9
:104030001432934224D002F56272934223D0143298
:10404000934222D01432934221D01432934202D0B0
:104050004FF4003203E04FF4005200E00222104B14
:104060005A60B2E72022FAE74FF40072F7E74FF404
:104070000052F4E74FF40032F1E74FF40012EEE79C
:104080004FF00072EBE70222E9E72022E7E74FF466
:104090000072E4E780000240000402400800024091
:1040A0000000024008238B4013423FF4EEAE15F0AF
:1040B000080F3FF4EAAE236823F00E032360026C7E
:1040C000C16B012303FA02F24A60836380F8213056
:1040D000002380F82030036B002B3FF4D6AE9847C6
:1040E000D3E600BF002808DB0901C9B200F1604037
:1040F00000F5614080F80013704700F00F000901DF
:10410000C9B2014B1954704714ED00E000B500F03E
:104110000700C0F1070CBCF1040F28BF4FF0040CDE
:10412000031D062B0FD9C31E4FF0FF3E0EFA0CF0F5
:1041300021EA000199400EFA03FE22EA0E0241EA4A
:1041400002005DF804FB0023EEE70000074AD36895
:1041500023F4E0631B041B0C000200F4E060034343
:1041600043F0BF6343F40033D360704700ED00E0D9
:1041700010B50446054BD868C0F30220FFF7C6FF10
:1041800001462046FFF7AEFF10BD00BF00ED00E086
:10419000002807DB00F01F02400901239340024A78
:1041A00042F82030704700BF00E100E0704798B14E
:1041B00008B50346D0F8B40210B10020C3F8B40229
:1041C00009B1C3F8B012012183F89C121A70184685
:1041D000FDF766F8002008BD0220704719B1C0F84D
:1041E000B412002070470220704708B5FDF79AF816
:1041F000002008BD08B5D0F8B4322BB11B68984731
:1042000000B908BD0220FCE70220FAE708B5D0F8A3
:10421000B4325B689847002008BD38B5044600F505
:104220002A75284600F035F90123C4F89432B4F811
:10423000AE32C4F8983294F8A81201F01F03012B93
:1042400008D0022B0BD07BB92946204600F0D0FACB
:10425000002038BD2946204600F0FEFAF8E729463E
:10426000204600F029FBF3E701F080012046FDF72E
:1042700074F8EDE738B504460D4691BB1346D0F807
:104280009422032A03D0052A24D0084633E0D0F82C
:104290006011D0F8642191420DD9891AC0F86011DB
:1042A0008A4206D98AB21946204600F037FC2846D1
:1042B00021E092B2F7E7D0F8B4321B691BB190F855
:1042C0009C22032A04D0204600F030FC284612E04D
:1042D0009847F8E70021C0F89412FDF73EF8284609
:1042E00009E0D0F8B4329B6933B190F89C22032ADC
:1042F00004D19847002038BD0220FCE70220FAE7ED
:1043000038B504460D46002953D11346D0F89422FF
:10431000022A0CD0042A00D01AB980212046FDF7C9
:104320001CF894F8A032012B3ED0284638BD026A12
:10433000416A8A421BD8C269B2FBF1F301FB132325
:104340002BB9914203D8D0F898329A421CD3D4F8B2
:10435000B432DB681BB194F89C22032A21D080215F
:104360002046FCF7FAFF204600F0EBFBD9E7521A93
:10437000026292B2194600F0BAFB00231A461946AF
:104380002046FDF720F8CCE70022114600F0AFFBF5
:104390000021C4F898120B460A462046FDF713F890
:1043A000BFE720469847DAE7002384F8A032284682
:1043B000BCE7D0F8B4325B6933B190F89C22032A91
:1043C00004D198470020B1E70220AFE70220ADE713
:1043D00070B50446402300221146FCF7ABFF0125CF
:1043E000C4F858514026C4F8646133460022802145
:1043F0002046FCF79FFFA561666284F89C5200236B
:10440000C4F894326360C4F8A432D4F8B8322BB143
:10441000D4F8B4325B68002120469847002070BD74
:1044200001740020704790F89C3280F89D3204237C
:1044300080F89C320020704790F89C32042B01D009
:104440000020704790F89D3280F89C32F8E708B55C
:1044500090F89C32032B01D0002008BDD0F8B43274
:10446000DB69002BF8D09847F6E70346002002E00E
:104470000130C0B201331A78002AF9D1704708B56B
:104480004B88012B00D008BDC0F8A43200F04EFBD1
:10449000F9E70B7803704B7843708B78CA7803EB9D
:1044A000022343800B794A7903EB022383808B79C3
:1044B000CA7903EB0223C380704710B504468021FC
:1044C000FCF74BFF00212046FCF747FF10BD30B53D
:1044D00083B005460C460023ADF806304A88130A1F
:1044E000013B062B00F2A480DFE803F004182CA2A5
:1044F000A2869300D0F8B0321B680DF10601007C53
:104500009847BDF806201AB1E388002B40F094804C
:10451000E388002B00F09A8003B030BD037C43B9E0
:10452000D0F8B4329B6A0DF106009847022343701D
:10453000E7E7D0F8B432DB6A0DF1060098470223B2
:104540004370DEE7D2B2052A52D8DFE802F003104A
:104550001D2A3744D0F8B0325B6823B10DF1060153
:10456000007C9847CDE72146FFF7A7FFD4E7D0F8B6
:10457000B0329B6823B10DF10601007C9847C0E77B
:104580002146FFF79AFFC7E7D0F8B032DB6823B1C6
:104590000DF10601007C9847B3E72146FFF78DFF38
:1045A000BAE7D0F8B0321B6923B10DF10601007CE7
:1045B0009847A6E72146FFF780FFADE7D0F8B03275
:1045C0005B6923B10DF10601007C984799E721460C
:1045D000FFF773FFA0E7D0F8B0329B6923B10DF16C
:1045E0000601007C98478CE72146FFF766FF93E7BA
:1045F0002146FFF762FF8FE7037C33B9D0F8B4326E
:104600005B6B0DF1060098477BE72146FFF755FFEE
:1046100082E7037C43B9D0F8B4321B6B0DF106007E
:104620009847072343706CE72146FFF746FF73E77F
:104630002146FFF742FF6FE79A4228BF1A46ADF8BE
:1046400006200146284600F045FA61E7284600F0BA
:104650006DFA61E738B504468B88F3B9CB88E3B9C6
:104660004B887F2B19D803F07F0590F89C32032BE1
:104670000CD080F89E522946FCF795FE204600F0AB
:1046800055FA35B1022384F89C3209E0FFF715FF93
:1046900006E0012384F89C3202E02046FFF70DFF7C
:1046A00038BD000038B504460D468978284B19708E
:1046B00001290ED890F89C32022B0ED0032B21D06A
:1046C0002946FFF7FAFE224B19782046FFF79EFD98
:1046D00002E02946FFF7F1FE38BD81B141600323B6
:1046E00080F89C32FFF786FD022803D0204600F0B8
:1046F0001DFAF1E729462046FFF7DFFEECE700F060
:1047000015FAE9E789B1436899421DD0D9B2FFF79C
:104710007DFD0F4B197861602046FFF76BFD022885
:104720000DD0204600F002FAD6E7022380F89C3232
:104730004160FFF76BFD204600F0F8F9CCE7294611
:104740002046FFF7BAFEC7E700F0F0F9C4E700BF64
:10475000241D002008B5CB88012B0AD190F89C328B
:10476000022B09D9032B11D10122011D00F0B2F94E
:1047700001E0FFF7A2FE08BD5BB23BB1014600239A
:1047800041F8083F012200F0A5F9F4E7FFF795FE94
:10479000F1E708B590F89C32013B022B12D8CB8888
:1047A000022B0CD10123C360D0F8A4320BB1032338
:1047B000C360022200F10C0100F08CF908BDFFF784
:1047C0007CFEFBE7FFF779FEF8E708B590F89C322E
:1047D000013B022B09D84B88012B00D008BD0023D8
:1047E000C0F8A43200F0A2F9F8E7FFF766FEF5E79B
:1047F00008B50B7803F06003202B05D0402B03D0C5
:1048000043B1FFF75AFE03E0D0F8B4329B689847F3
:10481000002008BD4B78092B1BD8DFE803F01117E7
:104820001A141A08051A0E0BFFF751FEF0E7FFF7EE
:1048300011FFEDE7FFF736FFEAE7FFF78BFFE7E74A
:10484000FFF7A7FFE4E7FFF71AFEE1E7FFF7BDFF79
:10485000DEE7FFF732FEDBE738B505460C460B789E
:1048600003F06003202B06D0402B04D01BB1FFF7D0
:1048700024FE002038BD95F89C32013B022B16D84F
:104880002379012B0ED8D5F8B4329B6821462846EF
:104890009847E388002BECD10028EAD1284600F0A5
:1048A00045F9E6E721462846FFF707FEE1E72146FE
:1048B0002846FFF702FEDCE770B505468B880C78CA
:1048C00004F06004202C07D0DAB2402C04D05CB194
:1048D000FFF7F3FD002405E0D5F8B4329B682846C5
:1048E00098470024204670BD202C09D04E78012E18
:1048F00033D0032E0AD0002E55D0FFF7DEFDF1E7AE
:10490000D0F8B4329B6898470446EBE790F89C32A5
:10491000022B04D0032B11D0FFF7CFFDE2E70AB141
:10492000802A03D12846FFF7C8FDDBE71146FCF7D4
:1049300014FD80212846FCF710FDD3E74B8823B9EE
:104940001AB1802A01D0CB881BB1284600F0EEF8BE
:10495000C8E71146FCF701FDF7E790F89C32022BFF
:1049600004D0032B11D0FFF7A8FDBBE70AB1802AC2
:1049700003D12846FFF7A1FDB4E71146FCF7EDFC93
:1049800080212846FCF7E9FCACE74B88002BA9D135
:1049900012F07F0F03D1284600F0C8F8A2E71146B5
:1049A000FCF7E3FCF7E790F89C02022806D0032806
:1049B00029D02846FFF781FD344693E70AB1802AC3
:1049C00013D113F0800F15D102F07F0202EB8202A7
:1049D000910001F5A8712944043100230B600222E3
:1049E000284600F077F834467CE72846FFF765FD57
:1049F000344677E702F07F0202EB82029100103129
:104A000029440431E9E75BB2002B1FDB02F00F0001
:104A100000EB800005EB8000D0F8580120B3002B9C
:104A200027DB02F07F0303EB83039C0004F5A874EB
:104A30002C4404340AB1802A24D1002323600222AA
:104A40002146284600F046F834464BE702F00F00B6
:104A500000EB800005EB800080690028DFD128464C
:104A6000FFF72BFD34463DE72846FFF726FD344689
:104A700038E702F07F0303EB83039C0010342C44DF
:104A80000434D7E711462846FCF777FC10B1012320
:104A90002360D4E700232360D1E7D0B170B50D4681
:104AA00016460446FFF7E1FC431C5B009BB23380D3
:104AB0002B7003236B70022307E001345A1CD2B21F
:104AC000E8540233DBB20021A95420780028F4D145
:104AD00070BD704708B513460222C0F89422C36126
:104AE00003620A460021FCF766FC002008BD08B5F9
:104AF00013460A460021FCF75EFC002008BD08B5FD
:104B000013460322C0F89422C0F85C31C0F860312B
:104B10000A460021FCF757FC002008BD08B51346E3
:104B20000A460021FCF74FFC002008BD08B504230D
:104B3000C0F8943200231A461946FCF73CFC0020CA
:104B400008BD08B50523C0F8943200231A4619465B
:104B5000FCF739FC002008BD10B5D0F8B842D0F8F9
:104B6000BC325BB194F80002FF2807D09B6894F830
:104B7000012221469847FF2384F80032002010BD0F
:104B80004323038000487047B00000204323038084
:104B900000487047F400002043230380004870471A
:104BA0006C0000200A230380004870477001002039
:104BB00038B50446D0F8B852FCF70DFCC5F80C0225
:104BC000D4F8B8324BB1D4F8BC32DB6805F50371C8
:104BD000D5F804029847002038BD0220FCE710B544
:104BE000D0F8B822D0F8C042F2B101EB810300EB5B
:104BF0008303DB694BB101EB810C04EBCC04246A29
:104C0000B3FBF4FC04FB1C3323B10023C2F81432C1
:104C1000002010BD01EB810300EB83030022DA6169
:104C20001346FCF7C8FBF3E70220F2E7F0B583B0C8
:104C300006460C46D0F8B87200238DF80730ADF860
:104C400004300B7813F0600527D0202D53D1CA888B
:104C5000DAB113F0800F0CD0D0F8BC329B68394623
:104C600060789847E28839463046FFF733FF0025E1
:104C700044E04B7887F800328B7987F80132CA8894
:104C80003946FFF73CFF002538E0D0F8BC329B687E
:104C9000002248789847002530E04F780A2F10D03E
:104CA0000B2F1CD01FBB90F89C32032B03D0FFF7B7
:104CB00004FC022522E0022201A9FFF70BFF3D467A
:104CC0001CE090F89C32032B03D0FFF7F6FB022583
:104CD00014E001220DF10701FFF7FCFE0EE090F851
:104CE0009C32032B0AD0FFF7E8FB022506E0FFF712
:104CF000E4FB022502E0FFF7E0FB0225284603B0B3
:104D0000F0BD38B504468121FCF71FFB0025E562A4
:104D100001212046FCF719FBC4F86C518221204682
:104D2000FCF713FB2564D4F8B8324BB1D4F8BC328D
:104D30005B689847D4F8B802FCF758FBC4F8B8523F
:104D4000002038BD70B50446037CABBB4FF4007344
:104D500002228121FCF7EEFA0125E5624FF400738F
:104D6000022229462046FCF7E5FAC4F86C510823D4
:104D7000032282212046FCF7DDFA012323644FF44D
:104D80000770FCF72FFB0546C4F8B80268B3D4F8E7
:104D9000BC321B6898470023C5F81432C5F8183296
:104DA000267CCEB94FF40073D5F8042201212046A9
:104DB000FCF709FB304670BD402302228121FCF73D
:104DC000B9FA0125E5624023022229462046FCF774
:104DD000B1FAC4F86C51CAE74023D5F80422012186
:104DE0002046FCF7F0FA0026E4E70126E2E719B1D5
:104DF000C0F8BC120020704702207047D0F8B832CB
:104E0000C3F80812C3F8102200207047D0F8B83257
:104E1000C3F8041200207047D0F8B8229AB108B540
:104E2000D2F814320BB1012008BD0123C2F81432AC
:104E3000D2F8103203639BB2D2F808228121FCF72A
:104E4000BAFA0020F0E702207047D0F8B82292B1F9
:104E500008B5037C43B94FF40073D2F80422012152
:104E6000FCF7B1FA002008BD4023D2F8042201214A
:104E7000FCF7A9FAF6E702207047000010B50346D8
:104E80000C4A0D490D48006840B10C4800680344C5
:104E9000521A934206D8094A136010BD0748084CBD
:104EA0000460F2E703F034FC0C2303604FF0FF30A2
:104EB000F3E700BF0080012000100000281D002043
:104EC000E85400200120704708B503F021FC1623A8
:104ED00003604FF0FF3008BD08B54FF0FF31FFF71A
:104EE000F3FFFEE770B50C461646002506E0AFF36B
:104EF0000080214601F8010B01350C46B542F6DB76
:104F0000304670BD4FF0FF3070474FF400534B6098
:104F100000207047012070470020704708B500222C
:104F200042210A2000F092FE014B186008BD00BF2C
:104F3000741D002000B583B00020FFF7EFFF084B81
:104F400001930023009301234FF480720549064822
:104F500001F079FA054B186003B05DF804FB00BF5F
:104F6000781D0020F0BE0008F14F00087C1D0020D5
:104F7000F8B50B68402B26D805460C46134B1F6826
:104F80000FB3134E42220021304603F06FFB22681C
:104F90002946304603F0F7FB2368A6F8403000238B
:104FA0000C4A3146384600F039FF60B1094B1B68A6
:104FB0004BB14FF0E0234FF08052C3F8042DBFF304
:104FC0004F8FBFF36F8F0020F8BD00BF741D00200E
:104FD000301D00202C1D002008B5034A0021034B82
:104FE000186802F025FB08BD08BF00089053002098
:104FF00008B5012808D04FF0500383F31188BFF3A0
:105000006F8FBFF34F8FFEE7064B18680028FBD069
:105010000022054900F069FF0128F5D1FFF7DCFF08
:10502000F2E700BF741D0020301D002000B585B0E0
:1050300000230193029303934E484F4A02604FF4BA
:1050400080728260037303754FF46022C261436013
:105050000B23036100F0EAF9002867D101230193D3
:1050600002930723039301A9424800F013F9002893
:105070005FD102230193029301A93E4800F00AF98F
:10508000002859D103230193029301A9394800F064
:1050900001F9002853D10423019302930DEB03017E
:1050A000344800F0F7F800284CD10523019302930F
:1050B00001A9304800F0EEF8002846D106230193FC
:1050C000029301A92B4800F0E5F8002840D10723FE
:1050D0000193029301A9274800F0DCF800283AD197
:1050E00008230193029301A9224800F0D3F8002875
:1050F00034D109230193029301A91E4800F0CAF894
:1051000078BB0E2301930A23029301A9194800F0EA
:10511000C1F848BB0F2301930B23029301A9154843
:1051200000F0B8F818BB05B05DF804FBFBF7BEFD56
:1051300094E7FBF7BBFD9CE7FBF7B8FDA2E7FBF7A5
:10514000B5FDA8E7FBF7B2FDAFE7FBF7AFFDB5E7AD
:10515000FBF7ACFDBBE7FBF7A9FDC1E7FBF7A6FD3D
:10516000C7E7FBF7A3FDCCE7FBF7A0FDD2E7FBF712
:105170009DFDD8E7C41D00200024014070B588B013
:105180000023049305930693079302682E4B9A42DB
:1051900001D008B070BD044603F56C439A6942F42F
:1051A00000729A619A6902F400720092009A9A69F8
:1051B00042F004029A619A6902F004020192019A93
:1051C0009A6942F010029A619A6902F01002029202
:1051D000029A9A6942F008029A619B6903F00803F7
:1051E0000393039BFE2304930325059504AE3146E8
:1051F0001648FEF799FC3023049305953146144870
:10520000FEF792FC0495059531461248FEF78CFC9A
:105210001148124B03600023436083608022C26008
:105220004FF4007202614FF40062426183614FF4F7
:105230008053C361FEF796FD18B9074B23625C6289
:10524000A7E7FBF733FDF8E7002401400008014021
:1052500000100140000C0140801D002008000240A9
:1052600000B583B00A4B5A6942F001025A615B698A
:1052700003F001030193019B002205210B20FEF79F
:1052800077FF0B20FEF784FF03B05DF804FB00BF3F
:105290000010024030B482B00022019290F8242025
:1052A000012A00F08F800346012280F824204A68FA
:1052B000062A2DD80468606B02EB8202053A4FF093
:1052C0001F0C0CFA02FC20EA0C000D6805FA02F231
:1052D000024362630A68092A38D91C68E06802EB55
:1052E00042021E3A4FF0070C0CFA02FC20EA0C00B6
:1052F0008D6805FA02F20243E2600A68103A012A58
:1053000034D90020002283F8242002B030BC70473A
:105310000C2A0DD80568286B02EB8202233A1F2461
:10532000944020EA04000C68944020432863D1E7AD
:105330000568E86A02EB8202413A1F24944020EAA1
:1053400004000C6894402043E862C3E71C682069AD
:1053500002EB42024FF0070C0CFA02FC20EA0C00B0
:105360008D6805FA02F202432261C6E71A68164800
:10537000824205D09A6A42F020029A620120C1E777
:10538000906810F4000F1BD1906840F4000090600A
:105390000A68102A01D00020B4E70C4A12680C49B0
:1053A000A1FB0212920C02EB82025200019202E077
:1053B000019A013A0192019A002AF9D10020A1E74D
:1053C00000209FE70220A0E70024014068000020A1
:1053D00083DE1B4338B503689A6812F0010F01D1D0
:1053E000002038BD04469A6822F001029A60FDF759
:1053F000D7FF054623689B6813F0010F13D0FDF714
:10540000CFFF431B022BF5D923689B6813F0010FD4
:10541000F0D0A36A43F01003A362E36A43F00103F0
:10542000E3620120DDE70020DBE70000002800F058
:10543000888070B50446836A002B52D02046FFF75F
:10544000C9FFA36A13F0100375D1002873D1A26AB3
:1054500022F4885222F0020242F00202A262626842
:10546000266839498E4242D0E1690A43217B42EAEB
:105470004102A568B5F5807F02D0012D3ED01D46C2
:1054800094F814C0BCF1010F3BD0716821F469415C
:10549000294371602568AE682C4931401143A960E9
:1054A000A168B1F5807F01D0012902D12369013BB8
:1054B0001B052568E96A21F470010B43EB62236840
:1054C0009968234B0B409A422CD0A36A23F0120315
:1054D00043F01003A362E36A43F00103E362012097
:1054E0002EE0C36280F82430FFF748FEA6E7E169AA
:1054F000B1F5402FB9D14FF40021B6E74FF48075D4
:10550000BEE731B9A169013945EA413141F400658D
:10551000BBE7A16A41F02001A162E16A41F001010B
:10552000E162B2E70023E362A36A23F0030343F0DE
:105530000103A36204E0A36A43F01003A362012005
:1055400070BD0120704700BF003C0140FDF7E1FF46
:10555000FE0E1FFF08B5FBF721FD012001F060FDE5
:10556000FBE7000008B5044A0021044801F0FEFCF6
:10557000034B186008BD00BF98BF000855550008D0
:10558000F41D002030B589B00446214BDA6942F0A1
:105590001002DA61DB6903F010030193019B02A999
:1055A00003A8FEF717FA069BCBB9FEF703FA0346EA
:1055B000184AA2FB03239B0C013B1748174A0260C1
:1055C00040F2E732C260436000230361836083617D
:1055D00000F08CF9054630B1284609B030BDFEF721
:1055E000E9F94300E4E70C4800F01EF805460028FE
:1055F000F2D13620FEF7CCFD0F2C01D90125EBE7C7
:10560000002221463620FEF7B3FD054B1C60E3E780
:105610000010024083DE1B43F81D002000100040F4
:10562000640000207047000090F83D30012B37D116
:10563000022380F83D300268D36843F00103D36051
:105640000368194A934220D002F5006293421CD0AD
:10565000B3F1804F19D0A2F59832934215D002F5DC
:105660008062934211D002F5806293420DD002F520
:10567000A032934209D0A2F59A32934205D01A681B
:1056800042F001021A60002070479A6802F0070297
:10569000062A07D01A6842F001021A6000207047FB
:1056A0000120704700207047002C01407047704770
:1056B0007047704770B504460368DE681D6915F0D1
:1056C000020F10D016F0020F0DD06FF002021A6117
:1056D0000123037703689B6913F0030F5ED0FFF784
:1056E000E6FF0023237715F0040F12D016F0040F05
:1056F0000FD023686FF004021A6102232377236816
:105700009B6913F4407F4FD02046FFF7D0FF002362
:10571000237715F0080F12D016F0080F0FD023686A
:105720006FF008021A61042323772368DB6913F002
:10573000030F40D02046FFF7BAFF0023237715F070
:10574000100F12D016F0100F0FD023686FF0100258
:105750001A61082323772368DB6913F4407F31D073
:105760002046FFF7A4FF0023237715F0010F02D096
:1057700016F0010F2DD115F0800F02D016F0800F1A
:105780002FD115F0400F02D016F0400F31D115F097
:10579000200F02D016F0200F33D170BDFFF786FF27
:1057A0002046FFF785FF9CE72046FFF77FFF204656
:1057B000FFF77EFFABE72046FFF778FF2046FFF7B5
:1057C00077FFBAE72046FFF771FF2046FFF770FF2B
:1057D000C9E723686FF001021A612046FBF75AFA05
:1057E000C9E723686FF080021A61204600F0ABF829
:1057F000C7E723686FF040021A612046FFF759FFA0
:10580000C5E723686FF020021A61204600F09AF87D
:10581000C3E700000368344A904212D002F50062E8
:1058200090420ED0B0F1804F0BD0A2F5983290424A
:1058300007D002F58062904203D002F58062904268
:1058400003D123F070034A681343274A90422AD0B9
:1058500002F50062904226D0B0F1804F23D0A2F52D
:10586000983290421FD002F5806290421BD002F520
:105870008062904217D002F5A032904213D002F518
:10588000806290420FD002F5806290420BD0A2F568
:105890009E32904207D002F58062904203D002F51A
:1058A0008062904203D123F44073CA68134323F00B
:1058B00080034A69134303608B68C3620B68836289
:1058C000094B984203D003F50063984201D10B695C
:1058D000036301234361036913F0010F03D00369DC
:1058E00023F0010303617047002C014040B310B561
:1058F000044690F83D30F3B1022384F83D30214650
:1059000051F8040BFFF786FF012384F8463084F832
:105910003E3084F83F3084F8403084F8413084F8D9
:10592000423084F8433084F8443084F8453084F8B9
:105930003D30002010BD80F83C30FFF773FEDBE700
:10594000012070477047704700F1080343604FF033
:10595000FF328260C360036100230360704700234D
:105960000361704743684B609A688A605160996030
:105970000861036801330360704730B40D68B5F106
:10598000FF3F11D000F108031C465B681A68AA4269
:10599000FAD963684B6099608C6061600861036844
:1059A0000133036030BC70470469F2E70369416862
:1059B00082688A60416851605A68824206D000223B
:1059C00002611A68013A1A601868704782685A6062
:1059D000F5E710B5044601F0C5FCA26BE36B9A42F3
:1059E00004D0002401F0E0FC204610BD0124F9E7BA
:1059F00010B5044601F0B6FCA36B23B9012401F0F5
:105A0000D3FC204610BD0024F9E770B504461546C6
:105A1000866B026C5AB903681BB100200136A6637D
:105A200070BD806800F0F6FF0023A360F6E76DB953
:105A3000406802F0A8FE6368226C13446360A268A9
:105A4000934219D3236863602846E7E7C06802F0F1
:105A50009AFEE368226C51429B1AE36022689342EB
:105A600002D2A3680B44E360022D01D00020D5E7E9
:105A700026B1013E0020D1E72846CFE70020CDE740
:105A800008B50346026C62B10846D9681144D96072
:105A9000D3F808C0614501D31968D960D96802F00C
:105AA00072FE08BD38B5054601F05CFC95F845402E
:105AB00064B201E0013C64B2002C0ADD6B6A43B1C0
:105AC00005F1240000F0FAFE0028F3D000F08CFF6E
:105AD000F0E7FF2385F8453001F066FC01F042FC59
:105AE00095F8444064B201E0013C64B2002C0ADD48
:105AF0002B6943B105F1100000F0E0FE0028F3D05F
:105B000000F072FFF0E7FF2385F8443001F04CFC11
:105B100038BD38B5E0B10D46044601F023FC2368DA
:105B2000E26B216C01FB0230A0600020A063636087
:105B3000013A02FB0133E360FF2384F8443084F828
:105B40004530FDB9236963B901F02EFC012038BD51
:105B50004FF0500383F31188BFF36F8FBFF34F8F64
:105B6000FEE704F1100000F0A9FE0028ECD04FF091
:105B7000E0234FF08052C3F8042DBFF34F8FBFF3E3
:105B80006F8FE1E704F11000FFF7DEFE04F124005F
:105B9000FFF7DAFED8E738B51D46049C0B4649B935
:105BA0002460E063236401212046FFF7B2FF84F8FC
:105BB0004C5038BD2260F4E740B94FF0500383F3F6
:105BC0001188BFF36F8FBFF34F8FFEE710B584B01E
:105BD0001C46844653B192B189B94FF0500383F308
:105BE0001188BFF36F8FBFF34F8FFEE74FF0500365
:105BF00083F31188BFF36F8FBFF34F8FFEE76AB156
:105C000050230393039B502B13D04FF0500383F387
:105C10001188BFF36F8FBFF34F8FFEE70029EFD0DE
:105C20004FF0500383F31188BFF36F8FBFF34F8F93
:105C3000FEE7039B012384F8463000949DF818305A
:105C40006046FFF7A8FF204604B010BD40B94FF0F2
:105C5000500383F31188BFF36F8FBFF34F8FFEE7BD
:105C6000F0B583B00D461446064601FB00F05030F7
:105C700001F05EFA074650B1002380F846300090EC
:105C8000234600F1500229463046FFF784FF38468C
:105C900003B0F0BDF0B585B0019288B10F461D4646
:105CA0000446B1B1022D20D1E36B012B1DD04FF082
:105CB000500383F31188BFF36F8FBFF34F8FFEE75D
:105CC0004FF0500383F31188BFF36F8FBFF34F8FF3
:105CD000FEE7036C002BE5D04FF0500383F31188EF
:105CE000BFF36F8FBFF34F8FFEE700F083FE0646D2
:105CF00058B9019B002B48D04FF0500383F3118813
:105D0000BFF36F8FBFF34F8FFEE700263DE02A46BB
:105D100039462046FFF779FE636A7BB948B14FF0F8
:105D2000E0234FF08052C3F8042DBFF34F8FBFF331
:105D30006F8F01F039FB012005B0F0BD04F12400A4
:105D400000F0BCFD0028F4D04FF0E0234FF080526B
:105D5000C3F8042DBFF34F8FBFF36F8FE9E701F056
:105D600023FB0020E8E702A800F0EEFD012619E081
:105D7000002384F8443021E0002384F8453023E0F8
:105D80002046FFF78FFE00F077FC01F0EBFAA26BE4
:105D9000E36B9A42BBD3022DB9D0019B002BDED01E
:105DA000002EE0D001F000FB00F0CCFB01F0DAFAAD
:105DB00094F8442052B2B2F1FF3FD9D094F8452074
:105DC00052B2B2F1FF3FD7D001F0EEFA01A902A81A
:105DD00000F0C6FDD8B92046FFF7FBFD0028CFD064
:105DE000019904F1100000F035FD2046FFF75AFE3E
:105DF00000F042FC0028C8D14FF0E0234FF0805261
:105E0000C3F8042DBFF34F8FBFF36F8FBDE720465C
:105E1000FFF748FE00F030FC00208DE72DE9F84345
:105E200090B10F4616461C460546B1B1022C20D152
:105E3000EB6B012B1DD04FF0500383F31188BFF3A0
:105E40006F8FBFF34F8FFEE74FF0500383F311883E
:105E5000BFF36F8FBFF34F8FFEE7036C002BE5D0CE
:105E60004FF0500383F31188BFF36F8FBFF34F8F51
:105E7000FEE701F061FBEFF311884FF0500383F36D
:105E80001188BFF36F8FBFF34F8FAA6BEB6B9A42F2
:105E900006D3022C04D0002088F31188BDE8F883D3
:105EA00095F845904FFA89F9AB6B2246394628465A
:105EB000FFF7ABFDB9F1FF3F06D009F101035BB27B
:105EC00085F845300120E7E76B6A0BB90120E3E76D
:105ED00005F1240000F0F2FC18B126B10120306079
:105EE000DAE70120D8E70120D6E7F0B585B00192C6
:105EF00090B10F460446C1B100F07CFD064600BBE0
:105F0000019B002B5ED04FF0500383F31188BFF349
:105F10006F8FBFF34F8FFEE74FF0500383F311886D
:105F2000BFF36F8FBFF34F8FFEE7036C002BE3D0FF
:105F30004FF0500383F31188BFF36F8FBFF34F8F80
:105F4000FEE700263EE039462046FFF799FD013D79
:105F5000A563236923B901F027FA012005B0F0BD3C
:105F600004F1100000F0AAFC0028F4D04FF0E02368
:105F70004FF08052C3F8042DBFF34F8FBFF36F8FE4
:105F8000E9E701F011FA0020E8E702A800F0DCFCE4
:105F9000012621E0002384F8443029E0002384F81E
:105FA00045302BE02046FFF77DFD00F065FB09E062
:105FB0002046FFF777FD00F05FFB2046FFF718FD56
:105FC00000283FD101F0CEF9A56B002DBBD1019B7C
:105FD000002BD6D0002ED8D001F0E6F900F0B2FAAE
:105FE00001F0C0F994F844305BB2B3F1FF3FD1D077
:105FF00094F845305BB2B3F1FF3FCFD001F0D4F954
:1060000001A902A800F0ACFC0028D1D12046FFF77E
:10601000EFFC0028C6D0019904F1240000F01AFC1E
:106020002046FFF73FFD00F027FB0028CAD14FF0C4
:10603000E0234FF08052C3F8042DBFF34F8FBFF31E
:106040006F8FBFE7002089E70023072B0CD8074A92
:1060500052F833200AB10133F7E7044A42F833100B
:1060600002EBC30250607047704700BF401E002023
:1060700070B504460D46164601F074F994F84430A4
:106080005BB2B3F1FF3F0DD094F845305BB2B3F192
:10609000FF3F0BD001F088F9A36B5BB12046FFF7FF
:1060A00001FD70BD002384F84430EDE7002384F83F
:1060B0004530EFE73246294604F1240000F0E2FBC8
:1060C000ECE70000084B1B681B6823B9074B4FF037
:1060D000FF321A607047044B1B68DB68DB685A6844
:1060E000024B1A60704700BFF01E0020881E00207F
:1060F0002DE9F04780460D4617469946089EDDF883
:1061000024A00A9C9200A521206B02F0AFFA236B19
:1061100007F18042013A03EB820727F00707A5B396
:106120004FF0000CBCF10F0F09D815F80C3004EB40
:106130000C0282F8343013B10CF1010CF2E70023A9
:1061400084F84330372E00D93726E662E66400250E
:106150002565201DFFF703FC04F11800FFF7FFFB86
:106160002461C6F13806A6616462656584F85850FA
:106170004A464146384601F0CBF82060BAF1000F9C
:1061800001D0CAF80040BDE8F087002384F834301D
:10619000D8E7000038B5002407E004EB8402930040
:1061A0000E481844FFF7D0FB0134372CF5D90C4DBD
:1061B0002846FFF7C9FB0B4C2046FFF7C5FB0A48F2
:1061C000FFF7C2FB0948FFF7BFFB0948FFF7BCFB1D
:1061D000084B1D60084B1C6038BD00BF1C1F002011
:1061E000081F0020F41E0020D81E0020C41E00201E
:1061F000AC1E0020F01E0020EC1E002010B504464E
:1062000001F0B0F8224A136801331360214B1B6878
:106210005BB1214B1B686BB91E4B1B68DA6AE36AE2
:106220009A4207D81B4B1C6004E01A4B1C60136891
:10623000012B29D0194A1368013313606364E06AA3
:10624000174B1B68984201D9154B186000EB800072
:10625000211D144B03EB8000FFF784FB01F0A4F831
:106260000D4B1B687BB10B4B1B68DA6AE36A9A42E1
:1062700009D24FF0E0234FF08052C3F8042DBFF352
:106280004F8FBFF36F8F10BDFFF784FFD2E700BFC2
:10629000A81E00207C2300209C1E00208C1E0020B5
:1062A000A01E00201C1F002010B5044690F8593095
:1062B00063B1012B11D0022B0ED04FF0500383F3AA
:1062C0001188BFF36F8FBFF34F8FFEE7006B00F0B5
:1062D000B1FF204600F0AEFF10BD00F0ABFFFBE7C2
:1062E0000F4B1B68D3B110B501F03CF80D4BDB68C8
:1062F000DC68201DFFF75AFB0B4A1368013B136053
:10630000074A1368013B136001F04EF82046FFF77F
:10631000CBFF034B1B68002BE6D110BD704700BFBD
:10632000C01E0020C41E0020A81E002008B5FFF7D4
:10633000D7FF074B1B68012BF9D94FF0E0234FF033
:106340008052C3F8042DBFF34F8FBFF36F8FEEE77A
:106350001C1F002070B504460D46174B1E68174BD6
:1063600018680430FFF722FBB4F1FF3F0DD034442E
:10637000124B1B685C60A64210D9114B18680F4B7A
:1063800019680431FFF7F9FA70BD002DEFD00B4BFF
:10639000196804310B48FFF7E5FAF5E70A4B18686E
:1063A000064B19680431FFF7E8FA084B1B68A34253
:1063B000EAD9064B1C60E7E7A41E00207C230020DE
:1063C000EC1E0020AC1E0020F01E0020881E0020C5
:1063D00030B587B00B9C7CB10C9DB5B15C250495A4
:1063E000049D5C2D1AD04FF0500383F31188BFF346
:1063F0006F8FBFF34F8FFEE74FF0500383F3118889
:10640000BFF36F8FBFF34F8FFEE74FF0500383F35F
:106410001188BFF36F8FBFF34F8FFEE7049D0C9D74
:106420002C63022485F8594000240394029505AC9E
:1064300001940A9C0094FFF75BFE0C98FFF7DEFEC8
:10644000059807B030BD2DE9F04385B00746884672
:1064500014461E46900000F06BFE08B381465C2097
:1064600000F066FE0546A8B1C0F83090002380F821
:106470005930039302900D9B01930C9B009333467C
:10648000224641463846FFF733FE2846FFF7B6FE60
:10649000012007E0484600F0CDFE4FF0FF3001E05C
:1064A0004FF0FF3005B0BDE8F083000010B588B0B4
:1064B00000240594069407AA06A905A800F0BEFDCD
:1064C000059B0293069B019300942346079A174964
:1064D0001748FFF77DFF174B1860C0B100F04EFB67
:1064E000012815D14FF0500383F31188BFF36F8F4C
:1064F000BFF34F8F104B4FF0FF321A600F4B01224A
:106500001A600F4B00221A6000F0B6FF03E0002073
:10651000B0F1FF3F01D008B010BD4FF0500383F33E
:106520001188BFF36F8FBFF34F8FFEE740BF0008A6
:106530002D630008841E0020881E00209C1E002061
:10654000A41E0020024A136801331360704700BF85
:10655000801E0020014B1868704700BFA41E002059
:10656000F8B53A4B1B68002B69D1394B1D680135D2
:106570001D60C5B9374B1B681B6843B14FF0500312
:1065800083F31188BFF36F8FBFF34F8FFEE7314A5C
:106590001168314B186810601960304A1368013374
:1065A0001360FFF78FFD2E4B1B68AB423DD90027D0
:1065B0002C4B1B68DB6A03EB83039A002A4B9B5826
:1065C000012B00D90127294B1B68002B3CD0012748
:1065D0003AE001271F4B1B681B6843B31D4B1B6828
:1065E000DB68DC6863689D4226D3261D3046FFF7D2
:1065F000DDF9A36A1BB104F11800FFF7D7F9E36ACC
:106600001B4A1268934201D9194A136003EB8303B2
:106610009A00314614481044FFF7A4F9E26A114B7E
:106620001B68DB6A9A42D4D2D4E70027D2E70C4B2E
:106630004FF0FF321A60BBE7094A1360B8E70D4A12
:1066400013680133136000273846F8BD801E002010
:10665000A41E0020F01E0020EC1E0020901E002032
:10666000881E00207C2300201C1F0020941E002078
:10667000A01E0020981E002038B5354B1B6843B97A
:106680004FF0500383F31188BFF36F8FBFF34F8F29
:10669000FEE700F067FE2E4B1A68013A1A601B688D
:1066A000002B4FD12B4B1B680BB900244BE000246F
:1066B000294B1B681BB3284BDB68DC6804F118000E
:1066C000FFF774F9251D2846FFF770F9E06A234BA0
:1066D0001B68984201D9214B186000EB80002946C5
:1066E0001F4B03EB8000FFF73DF9E26A1D4B1B686F
:1066F000DB6A9A42DCD31C4B01221A60D8E70CB14A
:10670000FFF7E0FC194B1C6884B9174B1C68D4B127
:106710004FF0E0234FF08052C3F8042DBFF34F8FAA
:10672000BFF36F8F01240EE0013C07D0FFF718FF85
:106730000028F9D00C4B01221A60F5E70B4B002220
:106740001A60E2E7002400F02FFE204638BD00BFAB
:10675000801E0020A81E0020D81E0020A01E0020A1
:106760001C1F00207C230020941E0020981E002067
:1067700010B5A8B10446104B1B6843B14FF050034D
:1067800083F31188BFF36F8FBFF34F8FFEE7FFF7DF
:10679000D9FE00212046FFF7DDFDFFF76DFF48B968
:1067A0004FF0E0234FF08052C3F8042DBFF34F8F1A
:1067B000BFF36F8F10BD00BF801E0020204B1B68F1
:1067C0001BB1204B01221A6070471E4B00221A6039
:1067D0001D4B1B6803EB83018A001C498A585AB978
:1067E0000BB1013BF6E74FF0500383F31188BFF381
:1067F0006F8FBFF34F8FFEE7084603EB83018A00DC
:10680000024451684968516003EB830C4FEA8C02E3
:106810000832024491420BD003EB830291000B4AF1
:106820000A445268D1680A4A1160074A13607047E7
:10683000486862469100054A0A445060ECE700BF90
:10684000801E0020941E0020A01E00201C1F00207F
:106850007C23002058B110B50C46094A1168183144
:10686000FFF78BF801212046FFF774FD10BD4FF0B4
:10687000500383F31188BFF36F8FBFF34F8FFEE791
:106880007C23002038B570B10D4614460A4A1168C1
:106890001831FFF767F80CB14FF0FF352146284655
:1068A000FFF758FD38BD4FF0500383F31188BFF355
:1068B0006F8FBFF34F8FFEE77C23002038B5C3688E
:1068C000DC6824B304F118052846FFF76FF8184B6D
:1068D0001B682BBB251D2846FFF768F8E06A154B9F
:1068E0001B68984201D9134B186000EB80002946C1
:1068F000114B03EB8000FFF735F8E26A0F4B1B6882
:10690000DB6A9A4211D901200D4B186038BD4FF057
:10691000500383F31188BFF36F8FBFF34F8FFEE7F0
:1069200029460848FFF71EF8E7E70020EEE700BF1A
:10693000801E0020A01E00201C1F00207C230020A1
:10694000941E0020D81E0020034B1B680360034BDD
:106950001B684360704700BF901E0020A41E0020EB
:1069600038B5E0B10C46054611B300F0FBFC1C4BFA
:1069700019686B68C81A2268B2F1FF3F29D0DFF8A6
:1069800064C0DCF800C0D5F800E0E64501D08B42D9
:1069900024D9824215D80023236001241AE04FF045
:1069A000500383F31188BFF36F8FBFF34F8FFEE760
:1069B0004FF0500383F31188BFF36F8FBFF34F8FF6
:1069C000FEE75B1A134423602846FFF7BDFF00244F
:1069D00000E0002400F0E8FC204638BD0124F9E77F
:1069E000A41E0020901E0020014B01221A60704757
:1069F000941E0020054B1B6833B1054B1B680BB17F
:106A00000020704702207047012070479C1E002024
:106A1000801E002000283BD038B504461E4B1B6862
:106A2000834208D04FF0500383F31188BFF36F8F78
:106A3000BFF34F8FFEE7036D43B94FF0500383F36D
:106A40001188BFF36F8FBFF34F8FFEE7013B0365E4
:106A5000C16AC26C91421DD00BB1002038BD051D2A
:106A60002846FEF7A3FFE06CE062C0F13803A361A3
:106A70000A4B1B68984201D9084B186000EB800054
:106A80002946074B03EB8000FEF76CFF0120E5E78A
:106A9000002070470020E1E77C230020A01E00209A
:106AA0001C1F0020064B1A6813682BB901230360D2
:106AB00023B9D368186870470023F8E700207047AF
:106AC0008024002008B54160006191420CD8D21AA0
:106AD00083699A4201D3012008BD011D094B186842
:106AE000FEF74BFF0020F7E79A4201D2994206D207
:106AF000011D054B1868FEF740FF0020ECE7012060
:106B0000EAE700BF7C2400208024002030B583B059
:106B100000F028FC114B1B681BB100F045FC03B0D2
:106B200030BD0F4D2846FEF70FFF0E4C2046FEF7F6
:106B30000BFF0D4B1D600D4B1C60002300930C4B95
:106B40000C4A10210A20FFF737F8044B1860002880
:106B5000E3D00949FFF778FADFE700BF7824002087
:106B60009824002084240020802400207C240020FD
:106B700080230020D023002048BF000810B588B033
:106B8000FFF7C4FF124B1B68CBB100240594069499
:106B900007AA06A905A800F05DFA059B0293069BCB
:106BA0000193022300932346079A0A490A48FFF7F4
:106BB0000FFC0A4B186010B1012008B010BD4FF057
:106BC000500383F31188BFF36F8FBFF34F8FFEE73E
:106BD0007824002050BF0008E16E000874240020D3
:106BE000B8B19C4603461848006858B300B585B054
:106BF00000910192029305291CDCFFF7FBFE02289D
:106C000010D000231A4669460F480068FFF742F883
:106C100015E04FF0500383F31188BFF36F8FBFF37C
:106C20004F8FFEE70023069A694607480068FFF782
:106C300031F804E0002362466946FFF7EFF805B03B
:106C40005DF804FB002070477824002070B582B006
:106C50001B4B1B681A6862B3DB681E68DC68251D65
:106C60002846FEF7A3FE236A2046984794F828306A
:106C700013F0040FECD0A36933449E4207D2636043
:106C8000246129460E4B1868FEF777FEE0E70021E5
:106C900000910B4632462046FFF7A2FF0028D7D1CD
:106CA0004FF0500383F31188BFF36F8FBFF34F8F03
:106CB000FEE7044A106802490860136002B070BD24
:106CC000802400207C24002038B50546FFF742FCD4
:106CD0000446074B1B68834205D800232B60044BF6
:106CE0001C60204638BDFFF7B1FF01232B60F6E79B
:106CF0007024002070B582B006460D461749096819
:106D0000C968CC68201DFEF751FE94F828C01CF01D
:106D1000040F08D12CF0010C84F828C0236A204607
:106D2000984702B070BDA16933462A4631442046D7
:106D3000FFF7C8FE0028F1D0002100910B46324633
:106D40002046FFF74DFF0028E8D14FF0500383F3B2
:106D50001188BFF36F8FBFF34F8FFEE780240020B1
:106D600070B582B006460C46FFF7ECFB01A8FFF7B2
:106D7000ABFF019B33BB0546E4B9B04213D22246B8
:106D8000711B124B1868FFF773F9FFF775FCD8B940
:106D90004FF0E0234FF08052C3F8042DBFF34F8F24
:106DA000BFF36F8F10E0FFF767FC29463046FFF70F
:106DB000A1FF09E0064A126812680AB90124DEE759
:106DC0001C46DCE7FFF758FC02B070BD78240020B9
:106DD0007C24002010B588B002E0049B002B0FDA61
:106DE000002204A93D4B1868FFF77FF8002872D0F5
:106DF000049B002BF1DA07990698059B9847ECE76E
:106E0000069C636913B1201DFEF7D0FD03A8FFF7B0
:106E10005BFF0246049B092BE2D8DFE803F005057F
:106E2000052F364E05052F3694F8283043F0010320
:106E300084F82830059BA16919442046FFF742FEDB
:106E40000028CDD0236A2046984794F8283013F0C4
:106E5000040FC5D0A269002100910B460598024499
:106E60002046FFF7BDFE0028BAD14FF0500383F350
:106E70001188BFF36F8FBFF34F8FFEE794F8283070
:106E800023F0010384F82830AAE794F8283043F06F
:106E9000010384F828300599A16129B10346014412
:106EA0002046FFF70FFE9BE74FF0500383F3118856
:106EB000BFF36F8FBFF34F8FFEE794F8283013F0C6
:106EC000020F04D023F0010384F8283088E720461D
:106ED00000F0B0F984E708B010BD00BF78240020AE
:106EE00000B583B001A8FFF7DDFD0199FFF738FF7A
:106EF000FFF770FFF6E708B54FF0E0231B69FFF7D7
:106F000079FD012800D108BD00F08CFAFBE70000F4
:106F1000EFF305832BB9064B186828B901221A60D4
:106F200070476FF0050070474FF0FF30704700BFAB
:106F3000642B0020EFF3058373B90A4B1B68012B08
:106F40000DD110B50024084BDC77064B02221A60E5
:106F5000FFF7ACFA204610BD6FF0050070474FF008
:106F6000FF307047642B002000ED00E0F0B587B0E3
:106F700000240594EFF3058404BBF8B1002A34D053
:106F8000156893692BB11E46013B372B02D90020AF
:106F900015E01826536813F0010F3FD1546984B1EE
:106FA0004FEA940C93682BB1D7685B2F02D917690D
:106FB00007B184B943B14FF0FF330BB3059807B065
:106FC000F0BD4FF0800CEDE7D368A3B91369ABB106
:106FD0004FF0FF33F1E70293019700960B466246AC
:106FE0002946FFF7F5F90590E8E71546002318262E
:106FF0004FF0800CE1E74FF0FF33DEE70023DCE7E2
:1070000005AB019300960B461FFA8CF22946FFF759
:107010001AFA0128D2D000230593CFE70020CEE74B
:1070200008B5EFF3058333B908B9002008BDFFF7B1
:107030009FFB0020FAE76FF00500F7E7034B0360C2
:10704000034B0B6080231360704700BF082B0020A8
:1070500008290020034B0360034B0B604FF480733F
:1070600013607047AC280020AC240020124A12F0B4
:10707000070F1ED0D11D21F00701C1F52053134485
:107080000A460E480260002141601344083B23F089
:1070900007030B48036059601960991A5160136027
:1070A000084B1960084B1960084B4FF000421A60FA
:1070B00070474FF42053E4E7882B0020802B0020FA
:1070C0007C2B0020742B0020782B0020682B0020C4
:1070D000154B1A461B688342FBD3516802EB010C27
:1070E000844509D0416800EB010C634509D0036079
:1070F000904218D0106070474068014451601046BB
:10710000F0E710B4094C2468A3420AD05B68194424
:10711000416013681B680360904200D0106010BC8F
:1071200070470460F8E77047802B00207C2B00201C
:1071300038B50446FFF706FA384B1B68B3B1384B35
:107140001B681C4250D1002C50D004F1080214F0EE
:10715000070F02D022F007020832002A55D0314B27
:107160001B68934253D330490C6804E0FFF77EFF5D
:10717000E5E721461C466368934202D22368002B50
:10718000F7D1264B1B68A34243D00D68083523680E
:107190000B6063689B1A102B10D9A01810F0070F12
:1071A00008D04FF0500383F31188BFF36F8FBFF304
:1071B0004F8FFEE743606260FFF78AFF62681949FC
:1071C0000B689B1A0B60194909688B4201D2174959
:1071D0000B60134B1B681343636000232360144A46
:1071E00013680133136002E0002500E00025FFF77B
:1071F00043FA15F0070F0ED04FF0500383F31188B8
:10720000BFF36F8FBFF34F8FFEE70025EFE7002539
:10721000EDE70025EBE7284638BD00BF7C2B0020BA
:10722000682B0020782B0020802B0020742B00205E
:10723000702B0020002834D038B50446A0F1080592
:1072400050F8043C174A1268134208D14FF050031B
:1072500083F31188BFF36F8FBFF34F8FFEE750F8B2
:10726000081C41B14FF0500383F31188BFF36F8FB7
:10727000BFF34F8FFEE723EA020340F8043CFFF719
:1072800061F954F8041C084A13680B44136028463B
:10729000FFF71EFF054A136801331360FFF7ECF98F
:1072A00038BD7047682B0020782B00206C2B002005
:1072B00082B0002301930D4B1B68B3F1FF3F08D050
:1072C0004FF0500383F31188BFF36F8FBFF34F8FDD
:1072D000FEE74FF0500383F31188BFF36F8FBFF3C6
:1072E0004F8F019B002BFCD002B070477C01002027
:1072F00006480068006880F3088862B661B6BFF38C
:107300004F8FBFF36F8F00DF00BF000008ED00E07C
:107310004FF0807340F8043C21F0010140F8081C54
:10732000034B40F80C3C40F8202C4038704700BF1D
:10733000B172000800000000000000000000000022
:10734000074B19680868B0E8F00F80F30988BFF3AD
:107350006F8F4FF0000080F311884EF00D0E7047D4
:107360007C2300204FF0500383F31188BFF36F8F0D
:10737000BFF34F8F0B4A136801331360012B00D00A
:1073800070474FF0E023D3F8043D13F0FF0FF7D020
:107390004FF0500383F31188BFF36F8FBFF34F8F0C
:1073A000FEE700BF7C010020094B1B6843B94FF08A
:1073B000500383F31188BFF36F8FBFF34F8FFEE746
:1073C000013B034A13600BB983F31188704700BF78
:1073D0007C01002000000000000000000000000010
:1073E000EFF30980BFF36F8F0D4B1A6820E9F00FA0
:1073F000106008B54FF0500080F31188FFF7DEF9F8
:107400004FF0000080F31188BDE808401968086853
:10741000B0E8F00F80F30988BFF36F8F704700BFAB
:107420007C23002008B54FF0500383F31188BFF38D
:107430006F8FBFF34F8FFFF793F828B14FF0E02322
:107440004FF08052C3F8042D002383F3118808BD48
:107450004FF0E022002313619361054B1B6805493F
:10746000A1FB03139B09013B536107231361704781
:1074700068000020D34D621010B582B02A4B1A78F4
:10748000D2B20192FF221A701B78DBB28DF8033062
:107490009DF8033003F05003244A1370244B072255
:1074A0001A6009E0224A1368013B13609DF803301B
:1074B0005B00DBB28DF803309DF8033013F0800FD2
:1074C000F0D11B4B1B68032B08D04FF0500383F304
:1074D0001188BFF36F8FBFF34F8FFEE71B02144A73
:1074E000136003F4E0631360019BDBB20E4A137078
:1074F0004FF0E023D3F8202D42F47002C3F8202D82
:10750000D3F8202D42F07042C3F8202DFFF7A0FFE2
:107510000024084B1C60FFF7EBFEFFF74FF9FFF765
:10752000C7FE204602B010BD00E400E08C530020EE
:10753000885300207C010020EFF305830F2B0ED928
:10754000114A9A5C114B1B789A4208D24FF05003B3
:1075500083F31188BFF36F8FBFF34F8FFEE74FF0B8
:10756000E023D3F80C3D03F4E063094A1268934228
:1075700008D94FF0500383F31188BFF36F8FBFF327
:107580004F8FFEE7704700BFF0E300E08C53002010
:1075900088530020012808D04FF0500383F311884E
:1075A000BFF36F8FBFF34F8FFEE700B5A1B00A4B5B
:1075B00018680028FBD04FF0FF326946FEF795FCB3
:1075C0000128F4D16846F8F713FE0028EFDD81B2F8
:1075D0006846F9F7CFFDEAE79053002008B500228E
:1075E00080210A20FEF732FB014B186008BD00BF66
:1075F0009053002000B583B00020FFF7EFFF084B49
:1076000001930223009301234FF4007205490648B9
:10761000FEF719FF054B186003B05DF804FB00BFCF
:107620009453002058BF0008957500089853002017
:107630000CB42DE9F041A2B0289DD8B10C4680468B
:10764000D5B102AE80273A460021304601F00EF84F
:1076500029AB01932A463946304600F0F9FF002352
:10766000224631464046FEF715FB22B0BDE8F04108
:1076700002B070470020F8E70020F6E7FCF796FD1F
:107680000B480C490C4A002302E0D458C450043380
:10769000C4188C42F9D3094A094C002301E0136055
:1076A0000432A242FBD301F039F8F9F746FB7047E8
:1076B0000000002048030020FCC30008480300200D
:1076C000E8540020FEE7002B2DE9F0471D46BBBF24
:1076D00003F100431D4600232D2388B01446B8BF94
:1076E0001446129A109E1370149BDDF84CA023F0E0
:1076F0002008B8F1460F05D0B8F1450F00D101368A
:10770000022300E0032307AA049206AACDE902A2FD
:10771000CDE9003622462B4601F0D2F8B8F1470FEA
:10772000074619D1119BDB070ED500EB0609002295
:10773000002320462946F9F787F908B1CDF81C90B7
:107740003022079B4B451ED33846079B159ADB1BFF
:10775000136008B0BDE8F087B8F1460F00EB0609EA
:10776000E5D10378302B0AD1002200232046294698
:10777000F9F76AF918B9C6F10106CAF80060DAF833
:1077800000309944D3E7591C07911A70D9E7F7B52F
:107790000029B6BF2D232B234942092902704370CB
:1077A00029DD0DF1070425460A27B1FBF7F622462D
:1077B00007FB1613303302F8013C0B46632B3146AE
:1077C00004F1FF34F1DC3031931E04F8011C1C4637
:1077D000411CAB420AD30DF109039B1AA54238BFE5
:1077E0000023821C1344181A03B0F0BD13F8016B78
:1077F00001F8016FEDE7302330318370C170031D54
:10780000F1E700002DE9F04F91B00C46DDF86880FB
:1078100016461F46054600F031FF036818460A93D6
:10782000F8F7E6FC00230E93D8F8003094F818A07F
:10783000073323F00703F3E80212D4F800B0CDE9D0
:107840000812C8F8003013460A46C4E91223DDE9DD
:10785000088323F000490B904FF0FF324046494621
:107860009B4BF9F723F970BB4FF0FF324046494676
:10787000974BF9F7FDF830BBDDE908010022002342
:10788000F9F7ECF810B12D2384F84330914A924B6C
:10789000BAF1470F8CBF9046984603234FF000097A
:1078A00023612BF0040323603346214628460097CA
:1078B0000FAA00F0D3F9013040F08F804FF0FF3075
:1078C00011B0BDE8F08FDDE9082310461946F9F73D
:1078D000EDF840B1099B814A002BBCBF2D2384F8F1
:1078E00043307F4BD4E763680AF0DF095A1C3ED16E
:1078F0000623636000224BF48063236006920EAA85
:10790000CDE904A20DAA03920DF13302CDE90132B3
:10791000636828460093DDE90823FFF7D4FEB9F138
:10792000470F80460D9929D1C81C02DB63688B4242
:1079300041DAAAF1020A5FFA8AFA5246013904F1E1
:1079400050000D91FFF723FF0E9A81461318012A6C
:10795000236102DC2268D20701D5013323619DF83F
:107960003330002BA0D02D2384F843309CE7B9F1AD
:10797000470FBFD1002BBDD10123BAE7BAF1650F84
:10798000DBD9BAF1660F18D1002963680BDD2161DC
:1079900013B92268D00702D501330B4423614FF09D
:1079A0000009A165DBE713B92268D20701D50233CC
:1079B000F4E70123F2E74FF0670A0E9B8B4205DCE8
:1079C00023682161D807EAD54B1CE7E70029CCBF23
:1079D0000122C1F102021344E0E723685A0507D4EB
:1079E0002369424631462846B84701302BD165E726
:1079F000BAF1650F40F2DC80D4E9120100220023C5
:107A0000F9F722F8002833D0012331462846354AB9
:107A1000B84701303FF452AFDDE90D38434502DB92
:107A20002368D8070FD5DDE90A2331462846B84731
:107A300001303FF443AF4FF0000908F1FF3804F183
:107A40001A0AC84509DC23689B0700F10281E06837
:107A50000F9B9842B8BF184632E701235246314681
:107A60002846B84701303FF429AF09F10109E8E79A
:107A70000D9B002B38DC012331462846194AB847B4
:107A800001303FF41BAFDDE90D3959EA030302D1A0
:107A90002368D907D7D5DDE90A2331462846B847F8
:107AA00001303FF40BAF4FF0000A04F11A0B0D9BAD
:107AB0005B42534501DC4B4693E701235A4631466E
:107AC0002846B84701303FF4F9AE0AF1010AEEE763
:107AD000FFFFEF7FC0BF0008BCBF0008C8BF0008A1
:107AE000C4BF0008CCBF0008A36DDDF838A0534523
:107AF000A8BF5346002B994636DC4FF0000B29EA0D
:107B0000E97904F11A02A36D0893A3EB09035B451D
:107B100031DC0D9B9A453ADC2368DA0737D40D9B9C
:107B2000AAEB0309089BAAEB03039945A8BF994652
:107B3000B9F1000F33DC4FF0000829EAE97904F1CC
:107B40001A0B0D9BAAEB0303A3EB090343457FF735
:107B50007AAF01235A4631462846B84701303FF4F0
:107B6000ADAE08F10108ECE7424631462846B84779
:107B70000130C2D1A2E60123314628460892B84717
:107B800001303FF49BAE089A0BF1010BBBE7314685
:107B9000DDE90A232846B8470130C0D18EE6089AAD
:107BA0004B46314628464244B8470130C3D185E6AA
:107BB000DDF838A0BAF1010F01DCDB0736D501236F
:107BC000424631462846B84701303FF477AEDDE9FA
:107BD0000A2331462846B84701303FF46FAED4E956
:107BE0001201002200230AF1FF3AF8F72DFFC0B975
:107BF000534608F1010231462846B84701300CD1FE
:107C00005CE601235A4631462846B84701303FF426
:107C100055AE08F10108D045F3DB4B4604F15002A4
:107C2000E0E64FF0000804F11A0BF4E701234246A6
:107C3000E1E701234A4631462846B84701303FF480
:107C40003DAE08F10108E3680F995B1A4345F0DC8B
:107C5000FDE64FF0000804F11909F4E72DE9F047BB
:107C6000164698468A680B6907469342B8BF134682
:107C7000336091F843200C46DDF820900AB10133BF
:107C800033602368990642BF336802333360256846
:107C900015F0060506D104F1190AE36832689B1A4B
:107CA000AB422BDC94F843302268003B18BF012321
:107CB000920630D44146384604F14302C8470130A9
:107CC00023D02368226903F00603042B14BF002588
:107CD00033684FF0000608BFE56804F11A0408BFD6
:107CE000ED1A54F8123C08BF25EAE5759342C4BF6B
:107CF0009B1AED18B5421AD1002008E00123524624
:107D000041463846C847013003D14FF0FF30BDE847
:107D1000F0870135C1E73020E11881F843005A1C93
:107D200094F845102244023382F84310C2E701233D
:107D3000224641463846C8470130E6D00136D9E7E9
:107D40002DE9F0430D7E85B0782D904607460C4610
:107D500099460C9E01F1430207D8622D0AD8002DE6
:107D600000F0D780582D00F0BC8004F1420684F862
:107D700042503BE0A5F16303152BF6D801A151F861
:107D800023F000BFDD7D0008F17D00086B7D000859
:107D90006B7D00086B7D00086B7D0008F17D00089D
:107DA0006B7D00086B7D00086B7D00086B7D000813
:107DB000F97E00081B7E0008AB7E00086B7D000882
:107DC0006B7D00081B7F00086B7D00081B7E000890
:107DD0006B7D00086B7D0008B37E000833681A1DB8
:107DE0001B68326004F1420684F842300123A1E0AE
:107DF00033682068191D3160060601D51D6803E04F
:107E00004506FBD5B3F90050002D03DA2D236D4252
:107E100084F843300A235B4811E021683368080680
:107E200053F8045B02D4490648BFADB23360237EE9
:107E300054486F2B5CD10823002184F843106668F6
:107E4000002EA66005DB21682E4321F0040121608D
:107E500050D01646B5FBF3F103FB115C10F80CC0D3
:107E600006F801CDAC4663450D46F3D9082B0BD17E
:107E70002368DB0708D5236961689942DEBF302398
:107E800006F8013C06F1FF36921B2261434621466B
:107E90003846CDF8009003AAFFF7E0FE01304ED13E
:107EA0004FF0FF3005B0BDE8F083236843F02003B6
:107EB00023607825344884F845502368316813F0EE
:107EC000800F51F8045B03D113F0400F18BFADB21F
:107ED0003160D90744BF43F0200323601DB1102354
:107EE000AAE72848E7E7236823F020032360F6E7A2
:107EF0000A23A1E71646B9E733682568181D6169AA
:107F000030602E061B6801D5196002E06806FBD5BB
:107F10001980002316462361B8E7336800211A1D33
:107F200032601E686268304600F01FFC08B1801B9A
:107F3000606063682361002384F84330A6E732461B
:107F4000414638462369C8470130A9D023689B07BA
:107F500013D4E068039B9842B8BF1846A2E70123F8
:107F6000324641463846C847013099D00135E3686A
:107F700003995B1AAB42F2DCEBE7002504F119062A
:107F8000F5E700BFCEBF0008DFBF00082DE9F04FC6
:107F900087B003938B6891465A1EB2F5AE7F82BFBD
:107FA0006FF4AE7503EB050B40F25D130A464FF01C
:107FB000000588BF8B600B68804643F4F06342F88D
:107FC0001C3B0C4698BF4FF0000B1646AA462F46A6
:107FD000CDE9045501920295A2685AB1D9F8003052
:107FE0001B784E2B62D8402B3AD8A3F12B01C8B294
:107FF0000E2838D91FB1236823F4807323600AF157
:10800000FF3ABAF1010F00F21481019B9E4200F287
:108010000581012007B0BDE8F08FA3F161020D2AB0
:10802000E8D801A151F822F071810008F57F00081D
:10803000F57F0008F57F0008CD810008A7810008C2
:10804000F57F0008F57F00087F810008F57F0008B4
:10805000F57F0008F57F0008F57F00083B810008E8
:10806000A3F14102DBE70E29C4D801A050F821F0AA
:108070002B810008F57F00082B810008BB810008D8
:10808000F57F0008CD8000081181000811810008EB
:108090001181000811810008118100081181000878
:1080A0001181000811810008118100086E2B09D888
:1080B000602BB2D8542B7BD0592B9BD1072D99D153
:1080C00008252FE0742B73D0792BF6E72168C805BB
:1080D0001ED521F0800121600137BBF1000F03D0D4
:1080E00001320BF1FF3BA260A368013BA36023694F
:1080F00001332361D9F80430013B002BC9F8043067
:1081000040F38380D9F800300133C9F8003063E7C9
:108110001AEB05017FF46EAF0D468A46226822F401
:10812000C072226006F8013BDEE7226810067FF588
:1081300061AF22F080022260F4E7BAF1000F0CD1A7
:1081400077B9226802F4E061B1F5E06F08D122F45A
:10815000F0624FF0010A2260E4E7BAF1020F51D059
:10816000012D02D0042D7FF445AF0135EDB2D9E7E2
:10817000BAF1010F7FF43EAF4FF0020AD2E775B9B2
:10818000002F7FF438AF226802F4E061B1F5E06FB0
:1081900040F0FF8022F4F06201252260C2E7032D47
:1081A000E3D0052DDFE7022D7FF424AF0325B9E7E7
:1081B000062D7FF41FAF0725B4E7226891057FF5F0
:1081C00019AF22F4207222600297ABE7226802F412
:1081D000A061B1F5806F05D050057FF50BAF002F82
:1081E00000F0D780910558BF029922F4F06258BF81
:1081F000791A42F4C0724FF0000758BFCDE9041657
:1082000022608FE74FF0030A8CE749464046D4F8D6
:108210008031984700283FF4DFAEEBE6D4F87C319C
:108220004A46404616F8011D98472369013B2361E1
:10823000EBE66B1E062B24D8022D36D8019B9E42FE
:108240007FF6E7AED4F87C314A46404616F8011D69
:1082500098472369013B2361F0E7D4F87C314A4613
:1082600040461BF8011D98472369013B23610AF131
:10827000FF3A5FFA8AFABAF1020FEED1033DEDB28E
:10828000761B2368DA0530D55B0511D5019B9E422C
:108290007FF6BFAED4F87C314A46404616F8011D41
:1082A00098472369013B2361F0E7AA46B346DEE71E
:1082B00016F8011C2369652903F1FF3306F1FF3528
:1082C00023610CD045290AD0D4F87C314A46404677
:1082D0009847236916F8021C013BB51E23614A46E4
:1082E0004046D4F87C3198472E46226812F010029E
:1082F00001D000208EE63270236803F4C063B3F52A
:10830000806F25D1029B9F420AD0DA1B04F26F13C3
:108310009E4228BF04F5B77630461F4900F004F9A5
:1083200000224046019902F04FFC039B25681B6820
:1083300015F0020F06460F4603F1040215D003990B
:108340000A601B68C3E90067E3680133E360D0E7B4
:10835000049B002BE4D005990A234046013102F02A
:10836000B3FC049B059EC21AD0E76D07E7D4039DBA
:108370002A601D6802460B46F8F798FB20B10748B3
:1083800000F010FA2860DFE730463946F8F7ECFBDA
:10839000F8E7002733E600BFF0BF000833C100084C
:1083A000002310B50446C0E90033C0E904338360FC
:1083B00081814366C2818361194608225C3000F0E6
:1083C00055F90D4B246263620C4BA3620C4BE362C4
:1083D0000C4B23630C4B9C4206D003F16802944281
:1083E00002D0D0339C4205D104F15800BDE81040C2
:1083F00000F0B8B910BD00BF6D8500088F8500087A
:10840000C7850008ED8500089C530020024A0349F7
:10841000034800F06BB800BF8001002079B000086D
:108420009001002041680C4B10B59942044601D0E0
:1084300002F022FEA168094B994202D0204602F0C8
:108440001BFEE168064B994204D02046BDE810406F
:1084500002F012BE10BD00BF9C5300200454002047
:108460006C5400200C4B0D4A10B504211A600C48C6
:108470000022FFF795FF0A4B01221C46092103F158
:108480006800FFF78DFF04F1D0000222BDE8104024
:108490001221FFF785BF00BFD45400200D840008CF
:1084A0009C530020014800F05EB900BFDD5400205D
:1084B000014800F059B900BFDD54002010B5044652
:1084C000FFF7F0FF236A1BB1BDE81040FFF7F0BFD4
:1084D000044B2362044B1B68002BF5D1FFF7C2FF4E
:1084E000F2E700BF25840008D45400202DE9F843AA
:1084F0000746884614460026D4E90195B9F10109DA
:1085000005D52468002CF7D13046BDE8F883AB8947
:10851000012B07D9B5F90E30013303D0294638466F
:10852000C04706436835E9E70EB46FF0004110B567
:1085300000249DB01FAB029006900791049109485A
:10854000094953F8042B0591006802A901931B9473
:1085500002F01CFC029B1C701DB0BDE8104003B073
:10856000704700BF8C0100200802FFFF10B50C46C9
:10857000B1F90E1000F0A8F80028ABBF636DA38915
:108580001B1823F48053ACBF6365A38110BD2DE994
:10859000F0411F468B890546DB050C46164605D57E
:1085A00002230022B1F90E1000F07CF8A3893246B4
:1085B00023F48053A38128463B46B4F90E10BDE84E
:1085C000F04100F093B810B50C46B1F90E1000F070
:1085D00069F8B4F90C30421C0BBF23F4805343F408
:1085E0008053A381A38118BF606510BDB1F90E103F
:1085F00000F048B830B51446002C05461A469BB02A
:1086000005DA8B2303604FF0FF301BB030BD4FF411
:108610000273ADF80C304FF0000319930CBF2346E2
:1086200004F1FF33029305934FF6FF730091049119
:10863000ADF80E3069461E9B02F0A8FB431CBCBF80
:108640008B232B60002CE0D00022009B1A70DCE70B
:1086500007B5009313460A46014603480068FFF732
:10866000C9FF03B05DF804FB8C01002003460244FF
:10867000934200D1704703F8011BF9E700487047A7
:10868000CC02002038B50023054D044608462B6077
:10869000FCF738FC431C02D12B6803B1236038BDC2
:1086A000D854002038B50446084611460022054D2E
:1086B0002A601A46FCF730FC431C02D12B6803B138
:1086C000236038BDD854002038B50446084611460A
:1086D0000022054D2A601A46FCF704FC431C02D117
:1086E0002B6803B1236038BDD854002038B5044648
:1086F000084611460022054D2A601A46F8F750FD3B
:10870000431C02D12B6803B1236038BDD85400202C
:10871000014B1868704700BF8C01002070B500261F
:108720000C4D0D4B5B1B9C10A64209D1002603F09B
:10873000AFFB0A4D0A4B5B1B9C10A64205D170BDD6
:1087400055F8043B98470136EEE755F8043B984747
:108750000136F2E7F4C30008F4C30008F4C30008CC
:10876000F8C30008704770477047034610B5C9B298
:1087700002449342184601D1002003E004780133FB
:108780008C42F6D110BD0A44914200F1FF3300D172
:10879000704710B511F8014B914203F8014FF9D120
:1087A00010BD0000004870470000C07F2DE9F74F62
:1087B00003690C690746A3427EDB013CA30000F17C
:1087C000140501F11408009305EB8403019358F894
:1087D000243055F8242001339A42B2FBF3F608EB1B
:1087E00084092ED34FF0000AC446AE46D3465CF847
:1087F000043B98B206FB00A01B0C020C06FB0323F3
:10880000DEF8002080B292B2121A5A44DEF800005C
:108810004FEA134A9BB2C3EB224303EB104392B2DD
:1088200042EA0342E1454FEA234B4EF8042BDED2E5
:10883000009BEB582BB9019B043B9D421A462FD35A
:108840003C61384601F0E2F9002825DB294600208A
:1088500058F8042BD1F800C01FFA82FE1FFA8CF3DF
:10886000A3EB0E030344120CC2EB234202EB1C42A7
:108870009BB243EA0243C1454FEA224041F8043B20
:10888000E6D255F8242005EB840322B9043B9D422F
:108890001A460BD33C610136304603B0BDE8F08F79
:1088A0001268043B002ACBD1013CC6E71268043BA6
:1088B000002AEFD1013CEAE70020EEE700000000CB
:1088C0002DE9F04F16461F46C26999B08146CDE9A1
:1088D0000E67259C82B9102000F020FE0246C9F8E0
:1088E0001C0020B9EF21A84BA84802F02FFC002360
:1088F000C0E901330360C360116859B101235268B4
:10890000484693404A608B6000F0FCFE0022D9F894
:108910001C301A60B7F10008B5BF012300232360A3
:1089200023609B4BBCBF28F00048CDF83C8033EA65
:1089300008031AD142F20F73249AC8F3130858EAB5
:108940000608136000F07485269B53B9914B21E013
:10895000914B03930833269A1360039819B0BDE82E
:10896000F08F8C4B03930333F5E7DDE90E34CDE94B
:108970000A34DDE90A0100220023F8F765F882468F
:1089800050B10123249A1360269B13B1834B269A7E
:108990001360834B0393E0E716AB019317AB00938F
:1089A0004846DDE90A2301F04DFA5FEA1854169DA6
:1089B00004907BD0DDE90A010B9BA4F2FF34C3F3E2
:1089C000130343F07F5343F44013CDF850A01946EE
:1089D0000022744BF7F718FC65A3D3E90023F7F7DF
:1089E000CBFD65A3D3E90023F7F710FC064620462C
:1089F0000F46F7F757FD62A3D3E90023F7F7BCFD55
:108A000002460B4630463946F7F700FC06460F464D
:108A1000F8F762F800228046002330463946F8F71E
:108A20001DF848B14046F7F73DFD32463B46F8F7A2
:108A30000BF808B908F1FF38B8F1160F53D8DDE983
:108A40000A01594B03EBC803D3E90023F8F706F8F2
:108A500000284AD0002308F1FF3811932D1B6B1E0C
:108A6000099349BF00230027C5F101070993B8F115
:108A7000000F3CDB099BCDF8408043440993002361
:108A80000C93229B092B64D8052BC4BF043B229373
:108A9000229BC8BF0024A3F10203D8BF0124032BEB
:108AA00000F28680DFE803F05153362B179C2C44EC
:108AB00004F23243202BC1BFC3F1400308FA03F88C
:108AC00004F2124326FA03F3D6BFC3F1200348EAA7
:108AD000030006FA03F0F7F7D5FC0122A1F1F873C1
:108AE000013C149273E70123B7E71190B6E7C8F190
:108AF00000030C930023A7EB08071093C1E70123A1
:108B00000D93239B434408930133012B0593B8BF76
:108B1000012306E001230D93239B002B4BDD0893DB
:108B2000059300210422D9F81C0002F114059D428E
:108B300046D94160484600F0A7FD0390002842D185
:108B4000024640F2AF11194BCEE60023E3E70023C3
:108B5000D6E7012400230D9422934FF0FF33002227
:108B60000893059312232392DBE700BFAFF3008045
:108B700061436F63A787D23FB3C8608B288AC63F23
:108B8000FB799F501344D33F02C0000819C000086E
:108B90000000F07FFEBF0008F5BF0008CDBF000851
:108BA000CCBF00080000F83FD0C1000872C0000828
:108BB00001230D93D1E701231A4608930593D2E7C9
:108BC00001315200B1E7D9F81C30039A1A60059BB5
:108BD0000E2B00F2A180002C00F09E80B8F1000F57
:108BE00036DD9F4B08F00F0203EBC20318F4807FC1
:108BF0004FEA2815D3E900AB16D0DDE90A01994BFD
:108C00000324D3E90823F7F7E1FDCDE9060105F0D8
:108C10000F05944E75B9DDE9060152465B46F7F73C
:108C2000D5FD82468B462DE0DDE90A34CDE90634D8
:108C30000224EEE7E90708D5D6E900235046594655
:108C4000F7F79AFC82468B4601346D100836E1E74F
:108C500000F0AD80DDE90A01C8F10005804B05F0A8
:108C60000F0203EBC203D3E90023F7F785FC0224CC
:108C700082468B4600237B4E2D11002D40F08C80C8
:108C8000002BCED1119B002B00F095800022504686
:108C90005946754BF7F7E2FE002800F08C80059BE3
:108CA000002B00F08880089B002B35DD08F1FF3396
:108CB00050465946069300226C4BF7F75DFC8246FE
:108CC0008B46089E01342046F7F7ECFB52465B4684
:108CD000F7F752FC0022664BF7F798FA0446A1F129
:108CE0005075CDE91245002E69D1002250465946F3
:108CF000604BF7F789FA22462B4682468B46F7F7F8
:108D0000CBFE002840F0998222465046594605F194
:108D10000043F7F7A3FE20BB179B002BC0F2658131
:108D2000B8F10E0F00F361814D4B03EBC803D3E99B
:108D300000AB239B002B80F2EF80059B002B00F300
:108D4000EB800ED100224B4B50465946F7F714FCEE
:108D500002460B46DDE90A01F7F78AFE002800F01B
:108D60006F8200252C46239B039EDB4306932746F8
:108D700000242946484600F0C5FC002F00F0C280C0
:108D80002CB1BC4203D02146484600F0BBFC39461A
:108D9000484600F0B7FCB5E0EA0705D5D6E9002360
:108DA000F7F7EAFB012301346D10083665E702246A
:108DB000DDE90AAB66E7059ECDF8188083E7284B0E
:108DC00003EBC60353E902010D9B002B56D002466C
:108DD0000B4600202849F7F7F9FCDDE91223F7F7E5
:108DE00013FA039BCDE912019D191E4659465046C0
:108DF000F7F772FE0446F7F755FB02460B4650465E
:108E00005946F7F701FADDE91223303406F8014B31
:108E100082468B46F7F722FE002873D152465B4606
:108E200000201149F7F7F0F9DDE91223F7F716FEF4
:108E3000002840F0BB80AE423FF46EAFDDE9120186
:108E400000220A4BF7F798FB0022CDE91201074BED
:108E500050465946F7F790FB82468B46C6E700BF5F
:108E6000D0C10008A8C100080000F03F0000244065
:108E700000001C40000014400000E03FDDE9122328
:108E8000F7F77AFB039BCDE912013344039D159359
:108E900059465046F7F720FE0446F7F703FB0B460A
:108EA000024659465046F7F7AFF93034159B05F89E
:108EB000014B9D4282468B4627D1DDE91201039B7F
:108EC00000221E44B54BF7F7A1F902460B46504667
:108ED0005946F7F7E1FD002868D1DDE912230020AB
:108EE000AE49F7F791F902460B4650465946F7F757
:108EF000B5FD00283FF410AF334616F8012D302A97
:108F0000FAD01E46DDF818803EE00022A44BF7F7A9
:108F100033FB82468B46BBE70024039EA04D52469E
:108F2000DDE90A015B46F7F751FCF7F7D5FD074687
:108F3000F7F7B8FA52465B46F7F71EFB02460B46B8
:108F4000DDE90A01F7F760F907F1300C06F801CB0B
:108F5000DDF80CC0DDF814E0A6EB0C0CE64502468B
:108F60000B4633D1F7F752F952465B4604460D469D
:108F7000F7F792FDC0B952465B4620462946F7F7FF
:108F800063FD08B1FB070FD44846049900F0BAFB13
:108F90000023249A337008F101031360269B002BF1
:108FA0003FF4DBAC1E60D8E4CDF8188033461E4693
:108FB00013F8012D392A06D1039A9A42F7D1069A5D
:108FC00001320692302201321A709BE722462B466C
:108FD000F7F7D2FA02460B46CDE90A230022002316
:108FE000F7F732FD00289AD0CEE70D9A002A00F05C
:108FF000E380229A012A00F3C280149A002A00F02A
:10900000BA8003F233430C9D3E46099A01211A446B
:1090100048461F44099200F073FC044656B1099B70
:10902000002B07DDB342A8BF3346099AFF1AF61A90
:10903000D31A09930C9B0BB30D9B002B00F0C3803C
:10904000002D00F0BD8021462A46484600F016FD5E
:10905000049A01460446484600F068FC049982469A
:10906000484600F04FFB0C9B5B1B0C9300F0AE805E
:1090700051460C9A484600F001FD049001214846F3
:1090800000F03EFC109B0546002B00F0D8811A46EC
:109090000146484600F0F2FC229B0546012B00F3F6
:1090A0009D800E9B002B40F094800F9BC3F3130315
:1090B000002B40F08E800F9B23F000431B0D1B05FF
:1090C000002B00F089804FF0010A099B0137013322
:1090D0000993109B002B00F0B8812B6905EB8303EB
:1090E000186900F0C1FBC0F12000099B184410F082
:1090F0001F007ED0C0F12003042B72DD099BC0F15C
:109100001C000344074406440993002F05DD3A463A
:109110004846049900F00EFD0490099B002B05DDE4
:1091200029461A46484600F005FD0546119B002BCE
:1091300061D02946049800F069FD00285BDA08F147
:10914000FF3306930A2200234846049900F0FCFAF4
:109150000D9B0490002B00F07A81002321460A2207
:10916000484600F0F1FA089B0446002B72DC229B73
:10917000022B49DC6EE0169BC3F1360343E7059BE7
:109180005D1E0C9BAB420DDB5D1B059B002BBFF6F0
:109190003BAF059BFE1A002337E700BF0000E03F0E
:1091A000000024400C9B109AEB1A1A440C953E4682
:1091B0000025059B109228E73E460C9D0D9C2DE74F
:1091C000DDF810A054E70C9A049953E7CDF810A0ED
:1091D00054E74FF0000A7CE79A467AE74FF0000A1E
:1091E0007BE792D0099A1C331A441F441E4409920B
:1091F0008BE70346F6E7059BCDF81880002B23DCB0
:109200000893229B022B21DD089B002B7FF4ABAD42
:1092100029460522484600F097FA0146054604987B
:1092200000F0F4FC00287FF79EAD3123039E06F882
:10923000013B069B0133069399E535462C46F4E73E
:10924000059DCDF81880F9E7059B08930D9B002B31
:1092500000F00181002E05DD21463246484600F02F
:1092600069FC0446BAF1000F5AD04846616800F024
:109270000BFA064628B9024640F2EF21814BFFF770
:1092800033BB226904F10C01023292000C30FFF76B
:109290007AFA01223146484600F04CFC0746039B0F
:1092A000039A03F1010B089B13440A930E9B03F0EE
:1092B000010309930BF1FF33294604980593FFF747
:1092C00075FA2146089000F1300A049800F09EFCDF
:1092D0003A4680462946484600F0B4FCC268064635
:1092E00002BB0146049800F091FC02463146484614
:1092F0000C9200F007FA229B0C9A5E4642EA0301A8
:10930000099B194310D1BAF1390F2BD0B8F1000FD6
:1093100002DD089B03F1310A059B83F800A028E5D4
:109320002746BCE70122E1E7B8F1000F06DB229BEC
:1093300048EA0308099B58EA030820D1002AEBDD1C
:1093400001220499484600F0F5FB2946049000F0FC
:109350005DFC002803DCDFD11AF0010FDCD0BAF18C
:10936000390FD6D13923059A137033461E4616F8A5
:10937000012C013B392A53D001321A70F9E4002A3A
:1093800007DDBAF1390FEDD0059A0AF10103137028
:10939000EFE40A9B0BF801AC5B452BD000230A22BB
:1093A0000499484600F0D0F9BC4204904FF0000305
:1093B0004FF00A022146484606D100F0C5F904469E
:1093C00007460BF1010B75E700F0BEF9394604467C
:1093D00000230A22484600F0B7F90746F1E7089B48
:1093E0002746002B03F1FF36D8BF00260024039B3D
:1093F0005A1C164401220499484600F09BFB29465A
:10940000049000F003FC0028AFDC02D11AF0010F39
:10941000ABD133461E4613F8012D302AFAD0A8E40A
:10942000039A9A42A2D1069B013306933123AEE7F9
:10943000269B002B7FF48CAA134BFFF7ABBA229B21
:10944000012B7FF72EAEDDF840A001204DE6089BF2
:10945000002B7FF7D6AE039E29460498FFF7A6F9A6
:10946000039B00F1300A06F801ABF21A089B934205
:10947000B5DD00230A224846049900F065F90490FE
:10948000EAE700BF72C00008F5BF000838B505461E
:10949000002940D051F8043C0C1F002BB8BFE41841
:1094A00000F0E6F81C4A136833B96360146028467C
:1094B000BDE8384000F0E2B8A34208D9206821187E
:1094C0008B4201BF19685B6809182160EDE71A46F5
:1094D0005B680BB1A342FAD911685018A0420BD1B6
:1094E00020680144501883421160E0D118685B681D
:1094F000084410605360DAE702D90C232B60D6E7EA
:10950000206821188B4201BF19685B680918216027
:1095100063605460CBE738BDE4540020024B014641
:10952000186800F025B800BF8C01002070B50F4E00
:109530000C463168054611B901F0F2FD3060214654
:10954000284601F0EDFD431C03D14FF0FF342046C7
:1095500070BDC41C24F00304A042F8D0211A284690
:1095600001F0DEFD0130F2D1EFE700BFE054002052
:109570002DE9F843CD1C25F0030508350C2D38BF27
:109580000C25002D064601DBA94204D90C233360CB
:109590000020BDE8F883DFF8D48000F069F8D8F83F
:1095A00000301C4644BB29463046FFF7BFFF431C32
:1095B000044658D1D8F800402746002F43D1002C4C
:1095C0004BD023683946304604EB030901F0A8FD6F
:1095D000814542D1216830466D1A2946FFF7A6FF22
:1095E00001303AD023682B442360D8F800305A6801
:1095F00062BBC8F800700FE02268521B20D40B2A0F
:1096000017D96119A342256018BF5960636808BF64
:10961000C8F8001062514B60304600F02FF804F19A
:109620000B00231D20F00700C21A1CBF1B1AA350F9
:10963000AFE76268A3420CBFC8F800205A60EBE7AE
:1096400023466468AEE73C467F68B6E71A465B6827
:10965000A342FBD100235360DEE70C233046336086
:1096600000F00CF894E70560D6E700BFE454002052
:109670000148FFF778B800BFDC5400200148FFF72D
:1096800073B800BFDC54002070B5C46905460E46AF
:1096900084B91020FFF742FF0446E86128B902466A
:1096A0006B21164B164801F051FD0023C0E9013330
:1096B0000360C360E36853B921220421284601F006
:1096C00063FDEB69E060DB680BB9002070BD53F807
:1096D000260030B1026843F826200023C0E9033396
:1096E000F4E7012101FA06F4621D2846920001F018
:1096F0004BFD0028E9D0C0E90164EEE702C0000894
:1097000083C0000870B5C66905460C4676B91020BE
:10971000FFF704FF0246E86120B98F21084B094892
:1097200001F014FDC0E901660660C6603CB1EB695A
:109730006268DB6853F82210216043F8224070BD54
:1097400002C0000883C000082DE9F04107460C461E
:109750001E4600200D6901F1140CDCF800300130C8
:1097600099B202FB01611E0C0B0C02FB063389B29D
:1097700001EB034185424FEA13464CF8041BECDC35
:109780000EB3A368AB4219DC616838460131FFF7BC
:109790007BFF804628B90246BA210C4B0C4801F0E9
:1097A000D5FC226904F10C01023292000C30FEF764
:1097B000EAFF21463846FFF7A5FF444604EB850340
:1097C00001355E6125612046BDE8F08172C0000868
:1097D00083C000082DE9F843154609221F460833C7
:1097E0000C4693FBF2F30646012200219A4209DB64
:1097F0003046FFF749FF40B90246D321184B1948BC
:1098000001F0A4FC52000131F0E7089B092D4361EF
:109810004FF00103036116DD04F10908C1462C4431
:1098200019F8013B01460A223046303BFFF78CFF16
:10983000A145F5D1A844A8F108042D1B63199F4246
:1098400004DCBDE8F88309250A34F6E714F8013B87
:1098500001460A223046303BFFF776FFEEE700BFB5
:1098600072C0000883C000080346B0F5803F3ABFCD
:10987000030410200020B3F1807F3CBF1B0208309E
:10988000B3F1805F3CBF1B010430B3F1804F3CBF9C
:109890009B000230002B05DB13F0804F00F101002C
:1098A00008BF202070470368024613F007000BD062
:1098B000D90721D4980749BF5B089B080120136092
:1098C0005CBF02201360704799B209B910201B0CCD
:1098D000D9B209B908301B0A190704BF1B090430A3
:1098E000990704BF9B080230D90703D45B0800F135
:1098F000010003D01360704700207047202070479C
:1099000010B50C460121FFF7BFFE024628B940F210
:109910004511044B044801F019FC01234461036123
:1099200010BD00BF72C0000883C000082DE9F04FD1
:10993000D1F81090D2F810A08846D145144685B0D1
:1099400004DB53460C46CA4690469946A3686168B4
:109950000AEB0906B342B8BF0131FFF795FE30B9F3
:1099600002464FF4B171434B434801F0EFFB00F165
:1099700014052B46002205EB8607BB421FD304F1DA
:10998000140C08F114010CEB8A0301EB890202921A
:109990001A1B153A22F0030215349C4288BF00229C
:1099A0000192029A03918A420CD8002E03DD57F8E7
:1099B000043D002B5CD0066105B0BDE8F08F43F894
:1099C000042BDAE7B1F800A0BAF1000F23D0E0468B
:1099D000A9464FF0000E58F8042BD9F800401FFAA2
:1099E00082FBA4B20AFB0B447444D9F800E0120CC9
:1099F0004FEA1E4E0AFB02E202EB1442A4B244EA12
:109A0000024443454FEA124E49F8044BE3D8019A09
:109A1000AA18C2F804E0039A0431B2F80280B8F13F
:109A2000000F23D02A68E6469146AA464FF0000B65
:109A3000BEF8004092B208FB04B404EB194442EAB9
:109A400004424AF8042B5EF8042BDAF800904FEA3F
:109A5000124B1FFA89F208FB0B22734502EB1442EA
:109A60004FEA124BE4D8019C2C196260043598E748
:109A7000013E9AE772C0000883C000082DE9F84350
:109A8000174612F0030280460D4607D0264C013AD5
:109A9000002354F82220FFF757FE0546BF103FD0A1
:109AA000D8F81C4094B91020FFF738FD0446C8F8D8
:109AB0001C0030B9024640F2B3111C4B1C4801F0A7
:109AC00045FB0023C0E901330360C360A66846B9C3
:109AD00040F271214046FFF713FF00230646A060C5
:109AE00003602C464FF0000907F001037F1053B1CB
:109AF000294632464046FFF719FF214605464046B3
:109B0000FFF700FE67B1306838B93246314640464B
:109B1000FFF70CFF3060C0F8009006462C46E3E7E4
:109B20002846BDE8F88300BF98C1000802C00008BD
:109B300083C000082DE9F84F0C46074615462369F7
:109B4000496803EB6218A3684FEA621A08F1010939
:109B50004B450BDB3846FFF797FD064648B90246F2
:109B60004FF4EF71274B284801F0F0FA01315B0008
:109B7000EEE70023194600F1140C00F110025345E2
:109B800034DB22692AEAEA7A0CEB8A0C04F114032A
:109B900015F01F0E614603EB82022BD00025CEF19B
:109BA000200A8B461868043100FA0EF02843CBF8DF
:109BB000000053F8045B9A4225FA0AF5F1D8131B0A
:109BC000153B23F0030304F115018A4238BF00233B
:109BD0009C44CCF8045005B9C14638462146C6F825
:109BE0001090FFF78FFD3046BDE8F88F42F8041F54
:109BF0000133C4E753F8045B04319A4241F8045C32
:109C0000F8D8E9E772C0000883C0000803460A6973
:109C1000006930B5801A0ED11433143103EB82047D
:109C200001EB820154F8045D51F8042D954203D0F4
:109C300005D24FF0FF3030BDA342F3D3FBE7012044
:109C4000F9E700002DE9F74F8A46064611465046CF
:109C50001446FFF7DBFF051E12D129463046FFF7F9
:109C600013FD024628B940F23721404B404801F02D
:109C70006DFA0123C0E90435104603B0BDE8F08F4A
:109C8000BCBF5346A2463046DAF80410BABF1C46A1
:109C900001250025FFF7F8FC024618B940F24521DE
:109CA000324BE3E7C56000F11405AB464FF0000C02
:109CB000DAF8107026690AF1140904F1140E0AF199
:109CC000100309EB87080EEB86060193019B5EF8F3
:109CD000040B53F804AF81B201931FFA8AF35B1AA5
:109CE000000C6344C0EB1A4000EB23409BB243EAF4
:109CF000004376454FEA204C4BF8043BE6D8331B33
:109D0000153B153423F00303A64238BF0023E8189F
:109D10004B441C1D26460430A5EB0905464506EBC1
:109D2000050E0ED308F10301091B21F003010133D5
:109D3000984538BF0021014451F8043DA3B1176193
:109D40009AE7E24656F8041B1FFA81FCD4444FEA16
:109D50001149514409EB2C4989B241EA09414FEAC2
:109D6000294CCEF80010D9E7013FE5E772C00008A2
:109D700083C000080E4B0B40A3F15073002B08DC8E
:109D80005B42B3F1A07F4FEA235204DA4FF4002381
:109D90001341002208E0A2F114031E2BD6BF4FF09E
:109DA00000420122DA40002319461046704700BFE6
:109DB0000000F07F0269F8B500F1140707EB82029A
:109DC00052F8044C1E4D2046FFF74EFD0346C0F1ED
:109DD00020000A2BA2F10406086012DCB7422CBF57
:109DE000002252F8082CC3F10B0C153324FA0CFE98
:109DF00004FA03F322FA0CF24EEA05011A43104664
:109E0000F8BDB74236BFA2F10806002252F8082C6E
:109E10000B3B12D0C3F1200522FA05F19C400C4304
:109E2000BE4244F07F5194BF002456F8044C9A403F
:109E3000EC4041F440112243E1E744EA0501DEE74A
:109E40000000F03F2DE97343012190469946089E9A
:109E5000FFF71AFC044630B9024640F20F31234B9B
:109E6000234801F073F9C9F30A55C9F313030DB17F
:109E700043F480130193B8F1000324D068460093A3
:109E8000FFF711FD0099E0B1019AC0F1200302FA39
:109E900003F30B43C24063610192019B002B0CBF93
:109EA00001220222A3612261ADB1A5F2334505442E
:109EB0003560C0F13500099B1860204602B0BDE84E
:109EC00070836161E9E701A8FFF7EDFC019B0122C6
:109ED00063612030E7E7A0F2324004EB8203306098
:109EE0001869FFF7C1FCC0EB4210E4E772C000083C
:109EF00083C000082DE9F04F85B0CDE9001002A91C
:109F0000FFF758FF8B4606460F46009803A9FFF758
:109F100051FF0D46019B89461969009B04461B6948
:109F20003046C91ADDE902329B1A03EB4113002BBC
:109F3000CDBF3A462A46C3EB033302EB035BD8BFDF
:109F400002EB03594B4622465946F6F73FFC05B053
:109F5000BDE8F08F013970B549111469013102F182
:109F6000140300EB810103EB8404051FA3420CD30F
:109F7000A31A113B23F003031132944238BF00238C
:109F800018440023884205D370BD53F8046B45F88C
:109F9000046FEBE740F8043BF4E700F114020069BA
:109FA0004B11984210B511DB0ADD11F01F0107D0EB
:109FB00052F8234024FA01F000FA01F18C420BD14F
:109FC00002EB8303934203D8002010BD0346F7E75A
:109FD00053F8041D0029F5D00120F6E72DE9F041E2
:109FE0000F469046FFF7C6FE04460D46B8F1000F37
:109FF00011D0C7F30A53C3F16B03002B0BDD002410
:10A000001B0503F17F5505F5401522462B46F6F753
:10A01000B3FA04460D4620462946BDE8F08100000B
:10A020002DE9F04F9DB0159200220E464FF000082A
:10A030004FF000090490189217910A780D462B2AC8
:10A0400001F101011DD00BD80D2A06D8082AF3D83A
:10A050007AB100239A460B9381E0202AECD0F8E7EE
:10A060002D2A10D10122691C17910B926A78002ABF
:10A0700035D1159B1796002B40F08B8540464946FD
:10A080002AE00022EFE700210B91302A40F099806E
:10A090006A7802F0DF02582A58D102930B9B814A5A
:10A0A000019318AB0093049819AB17A901F0E8F8D5
:10A0B00010F00F06044605D0062E12D100230135FC
:10A0C00017950B93159B002B40F065850B9B002B80
:10A0D000D4D0404609F100411DB0BDE8F08F0D46D7
:10A0E000D3E7189A3AB135211AA8FFF733FF189928
:10A0F0000498FFF707FB013E042E06D8DFE806F0C0
:10A1000014031E211400DDE91A89E00548BF49F057
:10A11000004929F000431B0D1B05002BD2D1FEF78F
:10A12000F7FA22230360CDE7199ADDE91A8302F2D8
:10A13000334223F4801343EA0259E6E7DFF86891DB
:10A14000E3E76FF000494FF0FF38DEE70135179580
:10A150002B78302BFAD0002BB4D04FF0010A002717
:10A160002B46BB460A210E97184613F8014BA4F163
:10A170003002092A28D901224C4900F0BEFF0028EC
:10A1800033D0002022465C46CDE90600652A01D086
:10A19000452A14D124B95AEA00033FF46AAF0024D7
:10A1A000179E731C179372782B2A72D02D2A76D0A3
:10A1B0004FF0000CA2F13003092B7DD91796002334
:10A1C0009FE04FF0000ACAE7BBF1080FD7BF0E9A15
:10A1D00001FB074201FB0242303AD4BF0E92A2F1CA
:10A1E00030070BF1010B1793BEE7179B5A1C179210
:10A1F0005A78BBF1000F33D05C460690A2F13003D1
:10A20000092B12D901230793C0E7179B01305A1C71
:10A2100017925A78302AF8D0A2F13103082B00F2B5
:10A22000BF84069000200446179D303A00F10103D8
:10A2300010D00699204419440A230691A04211D156
:10A24000082800F1010419DC0A230E9903FB0123FD
:10A250000E930023179A1846511C17915278CDE798
:10A260005846D7E7082C04F1010403DC0E99594342
:10A270000E91E3E7102CD8BF5F43DFE70F28DCBF68
:10A280000A2303FB0727E4E700210123CDE9061396
:10A2900081E74FF0000CB31C1793B2788AE74FF0B8
:10A2A000010CF8E7ACC200080000F07FDDC0000838
:10A2B000179B5A1C17925A78302AF9D0A2F1310311
:10A2C000082B3FF67CAF179BA2F1300E1946059381
:10A2D0000B46013317931A781946A2F13003092B64
:10A2E0003CD9059BCB1A082B44F61F633CDC9E45EA
:10A2F000A8BF9E46CDF814E0BCF1000F02D0059B2C
:10A300005B420593002C50D15AEA00007FF4DAAE8C
:10A31000079B002B7FF4ADAE692A29D026DC492AA1
:10A3200026D04E2A7FF4A5AE9F4917A801F0CAF99E
:10A3300000283FF49EAE179B1B78282B2FD19B49FA
:10A340001AAA17A801F0D2F9052828D11B9BDDF81D
:10A35000688043F0FF4949F4E009B3E60A2303FBB0
:10A360000E22A2F1300EB3E70593C5E76E2AD9E7B6
:10A370008F4917A801F0A6F900283FF47AAE179B81
:10A380008C49013B17A8179301F09CF910B9179B52
:10A39000013317934FF00008DFF81C9292E68748CC
:10A3A00000F0CEFE804689468CE6DDE90532BBF141
:10A3B000000F08BFA3469B1A102C0E98A2460A93C2
:10A3C000A8BF4FF0100AF6F75DF8092C80468946C1
:10A3D00011DC0A9B002B3FF475AE0A9B71DD162B36
:10A3E00058DC7749424601EBC3014B46D1E90001F5
:10A3F000F6F7C2F8D6E7724B03EBCA0353E9122310
:10A40000F6F7BAF8804638468946F6F73BF8024632
:10A410000B4640464946F5F7F9FE0F2C8046894623
:10A42000D7DD0A9BA4EB0A0A9A44BAF1000F40F365
:10A4300097802AF00F061AF00F0A51D1B6F59A7FCD
:10A440005EDC0023404649461F46DFF878A13611FE
:10A45000012E79D10BB1804689465A49A9F1547928
:10A4600001EBC7014246D1E900014B46F6F784F8FB
:10A47000514B0A460B40544980468B4240D8A1F5C7
:10A4800080118B4286BF4FF0FF38DFF8409102F118
:10A49000547932E00A9AC4F125039342C1DB484D56
:10A4A000C4F10F0405EBC4014246D1E900014B465B
:10A4B000F6F762F80A9B1C1B05EBC405D5E90023DF
:10A4C00096E71633ADDBDDE905239A1A3C4B40468F
:10A4D00003EBC2034946D3E90023F6F777F961E7B6
:10A4E0003749424601EBCA014B46D1E90001F6F774
:10A4F00043F880468946002EA0D1002307939FE0B1
:10A50000002405940E94069422234FF00008049A28
:10A51000DFF8A49013600E9B002B3FF4D3AD189985
:10A520000498FFF7EFF806990498FFF7EBF8DDE9D8
:10A530000401FFF7E7F80E990498FFF7E3F82146C6
:10A540000498FFF7DFF8BDE5F20704D5DAE9002348
:10A55000F6F712F80123013776100AF1080A77E7B7
:10A56000CBD0CAF1000A4FEA2A161AF00F0A0DD111
:10A570001F2E2DDD002405940E9406942223049AA8
:10A580004FF000084FF000091360C4E70C4B404641
:10A5900003EBCA034946D3E90023F6F717F98046CF
:10A5A0008946002EA9D0E3E7C9BF000898C2000879
:10A5B000C1BF0008F8BF00080000F07F33C10008E9
:10A5C000D0C10008A8C100080000A07CFFFFEF7FF9
:10A5D00016F0100318BF6A2340460793494600232C
:10A5E000764FF20704D5D7E90023F5F7C5FF01231D
:10A5F000761007F10807F4D10BB180468946079B16
:10A60000B3B1C9F30A52C2F16B03002B49460FDD07
:10A610001F2B59DD342BD8BF4FF0FF334FF000080C
:10A62000CFBF4FF05C79C2F14B02934003EA0109BE
:10A630000022002340464946F6F706FA002899D141
:10A640000E9B5A460093294623460498FFF7C2F80A
:10A650000E9000283FF454AFDDE905239B1A0A9AB7
:10A660000024002AA8BF0023129322EAE273149365
:10A6700005940E9B04985968FFF706F80690002889
:10A680003FF442AF0E9B0C301A6903F10C01023209
:10A690009200FEF778F81AAB019319AB009342468B
:10A6A0004B460498CDE90C89FFF7CCFB18900028A5
:10A6B0003FF42AAF01210498FFF722F903460590E1
:10A6C00048B9002305931FE74FF0FF3202FA03F366
:10A6D00003EA0808ACE7199D1A9A002DABBF129B3C
:10A6E000149BEF185E1B079BA8BF149EA5EB0305E8
:10A6F0001544334B05F1FF35B8BF129F9D42C2F19F
:10A7000036024FDA5B1B1F2B4FF00101A2EB030255
:10A710003CDC4FF0000B01FA03FABD18079BAF4277
:10A7200016441E443B46A8BF2B46B342A8BF33463F
:10A73000002BC2BFED1AF61AFF1A129B002B16DD72
:10A74000DDE904011A46FFF799F905900028B8D011
:10A750000146189A0498FFF7E9F80F9000283FF493
:10A76000D3AE18990498FEF7CDFF0F9B1893002DD8
:10A770001BDC0A9B002B25DD149A06990498FFF731
:10A780007DF90690F0B900230693BDE6C5F17F453B
:10A7900005F57F0505F57B45E23501FA05FB4FF030
:10A7A000010ABAE74FF0000BF9E72A461899049816
:10A7B000FFF7C0F918900028DBD1A5E6C0C2000859
:10A7C00002FCFFFF002E07DD324606990498FFF7D2
:10A7D000B1F906900028D6D0002F08DDDDE904018C
:10A7E0003A46FFF7A7F9059000283FF48DAE069A88
:10A7F00018990498FFF726FA044600283FF484AE1F
:10A80000C36805990F930023C360FFF7FFF9002881
:10A810003CDA0F9B53EA08035ED1C9F313034D469C
:10A82000002B59D129F000431B0D1B05B3F1D66F46
:10A8300052D9636913B92369012B4DDD21460122E9
:10A840000498FFF777F905990446FFF7DFF9002828
:10A8500042DDA74B079A2B40002A5FD0B3F1D66F99
:10A860005CD8B3F15C7F7FF689AE40464946A14B88
:10A870000022F5F781FE9E4B80460B408946002B57
:10A880007FF44DAE2223049A136048E64D4662D110
:10A890000F9AC9F3130342B3974A934228D1079BF7
:10A8A0004146EBB1924B4FF0FF322B40B3F1D46FE6
:10A8B00019D81B0DC3F16B0302FA03F3994217D1A8
:10A8C0008E4B9D4202D101313FF41EAE4FF0000885
:10A8D000874B2B4003F58019079B002BC5D11EE643
:10A8E0004FF0FF33EAE71346E8E753EA0803B0D036
:10A8F000BBF1000F1BD01BEA050FEDD00F9B4046AC
:10A900004946079AB3B1FFF769FB02460B46DDE9FA
:10A910000C01F5F77BFC80468946DDE7A3F5801343
:10A920006FEA13594FF0FF386FEA0959D4E71AEA72
:10A93000080FE2E7FFF752FB02460B46DDE90C0188
:10A94000F5F762FC0022002380468946F6F77CF882
:10A950000028C1D012E620460599FFF7CBFA002265
:10A960004FF0804306460F46F6F782F800286ED077
:10A970000F9B002B79D1B8F1000F54D1C9F3130309
:10A98000002B56D10022304639465D4BF6F766F86B
:10A99000002857D10022304639465A4BF5F7ECFDD6
:10A9A00082468B460BF10043CDF820A00993504B13
:10A9B0004F4A2B401393544B2A409A42DDE90867D3
:10A9C00040F0A880A5F1547940464946FFF7D2F9F6
:10A9D000DDE90823F5F7D0FD42464B46F5F716FCB6
:10A9E000434D4A4A0D409542804645D90D9A434B06
:10A9F0009A4203D10C9B01333FF486AD4FF0FF38F0
:10AA0000DFF8F89018990498FEF77CFE06990498F0
:10AA1000FEF778FEDDE90401FEF774FE2146049896
:10AA2000FEF770FE25E6B8F1010F02D1002D3FF4CC
:10AA3000A5AD0022364B4FF0000ACDE90823DFF820
:10AA4000C0B0B4E74FF0000ADFF8B8B0AAE72D4B6A
:10AA5000002230463946F5F78FFD0F9B82468B4624
:10AA6000002B9FD0CDE908ABA1E70022244B9246F2
:10AA70009B46CDE908239AE701F15479079B002B07
:10AA8000C0D129F00043139A1B0D1B059A42B9D17E
:10AA90005046594601F0C6F9F5F740FD02460B460F
:10AAA00050465946F5F7B0FB0F9AC9F3130343EA32
:10AAB0000803134306460F4665D009A3D3E90023D4
:10AAC000F5F7CCFF00287FF42AAD07A3D3E90023D4
:10AAD00030463946F5F7E0FF002893D01FE500BF68
:10AAE0009535A094FFFFDF3F35E5AF350000E03F2F
:10AAF0000000F07F00005039FFFF0F00FFFFEF7FE5
:10AB00000000F03F0000E03F0000E07FFFFF9F7C7F
:10AB10000000F0BF079B13B3139BB3F1D46F1ED893
:10AB200025A3D3E9002350465946F5F7A1FF90B17C
:10AB300059465046F5F7F8FF012838BF0120F5F7D0
:10AB4000A1FC0F9B82468B46D3B901F100431090C4
:10AB50001193DDE91067139A07F1D6639F1ADDE9B7
:10AB60000C01FFF707F902460B4630463946F5F768
:10AB700003FDDDE90C23F5F749FB804689467DE7B7
:10AB8000CDE910ABE5E70EA3D3E90023F5F766FFA7
:10AB9000A2E700230B93179B159A1360FFF796BA51
:10ABA000652A3FF471AB452A3FF46EAB012307934E
:10ABB000FFF7AABBAFF300800000C0FFFFFFDF413B
:10ABC0009535A094FFFFCF3F014BFFF729BA00BF97
:10ABD000DC010020242B2DE9F0478646904601D861
:10ABE000012B06D1FDF794FD162303600020BDE87C
:10ABF000F0870D4633482A4615F8014B065D16F0DE
:10AC00000806F8D12D2C10D101262C78951C33F094
:10AC1000100215D1302C0DD12A7802F0DF02582A0B
:10AC200008D16C78023510230AE02B2C04BF2C7855
:10AC3000951CECE7002BF6D1302C14BF0A23082317
:10AC4000002206F1004C0CF1FF3CBCFBF3F910466E
:10AC500003FB19CAA4F13007092F0FD83C46A342C1
:10AC60001BDD571C07D0814514D301D1A24511DB50
:10AC7000012200FB034015F8014BEBE7A4F141076B
:10AC8000192F01D8373CEAE7A4F16107192F04D83E
:10AC9000573CE4E74FF0FF32EDE7531C08D1222385
:10ACA0006046CEF80030B8F1000FA0D0691E06E073
:10ACB00006B14042B8F1000F99D0002AF6D1C8F889
:10ACC000001094E7E9C20008FFF784BF2DE9F047C0
:10ACD0001F468E688246BE420C469046334653D885
:10ACE000B1F90C0010F4906F2BD0656923680969E5
:10ACF00005EB4505A3EB010905EBD5757B1C6D1034
:10AD00004B44AB422A4684BF1D462A46430527D5FD
:10AD100011465046FEF72CFC064658B34A462169B8
:10AD2000FDF731FDA38923F4906343F08003A381F1
:10AD300026614E4426603B463E466561A5EB09050B
:10AD4000A5601F463A464146206800F0BDF9002044
:10AD5000A3689B1BA36023683B442360BDE8F08786
:10AD6000504600F072FD06460028E1D150462169A8
:10AD7000FEF78CFB0C23CAF80030A3894FF0FF309C
:10AD800043F04003A381E9E73E46DBE72DE9F047C6
:10AD90001F468B8906461B060D4614469CB010D5EF
:10ADA0000B6973B94021FEF7E3FB2860286130B9D5
:10ADB0000C2333604FF0FF301CB0BDE8F087402318
:10ADC0006B610023099320238DF8293030234FF045
:10ADD00001080397644F8DF82A302346994613F8EB
:10ADE000012B0AB1252AF9D1B9EB040A0BD053463D
:10ADF000224629463046FFF769FF013000F0A48063
:10AE0000099A5244099299F80030002B00F09C8076
:10AE100000234FF0FF32CDE9052309F10109049326
:10AE200007938DF853301A934C46052214F8011BF2
:10AE30004D48FDF79AFC049BD0B9D80644BF2022A8
:10AE40008DF85320190744BF2B228DF8532099F811
:10AE500000202A2A13D04C4600204FF00A0C079AF3
:10AE6000214611F8013B303B092B49D968B913E061
:10AE7000C01B08FA00F01843A1460490D4E7039AD7
:10AE8000111D12680391002A01DB079204E052426F
:10AE900043F002030792049323782E2B0AD16378A0
:10AEA0002A2B32D1039B02341A1D1B68039243EAFA
:10AEB000E3730593DFF8B490032248462178FDF749
:10AEC00054FC38B14022049BA0EB0900824013439C
:10AED0000134049314F8011B062225488DF828102C
:10AEE000FDF743FC002835D0224818BB039B0733ED
:10AEF00023F0070308330393099B034409936CE78A
:10AF00000C4601200CFB0232AAE700234FF00A0C8A
:10AF1000194601340593204610F8012B303A092ACE
:10AF200003D9002BC6D00591C4E7044601230CFBCE
:10AF30000121F0E703AB00932A4630460E4B04A9EB
:10AF4000FCF760FC421CD7D1AB895B063FF532AF02
:10AF5000099831E703AB00932A463046064B04A913
:10AF6000FCF7EEFEEEE700BFDFC00008E5C000081A
:10AF7000E9C0000805780008CDAC0008B1F90C2044
:10AF8000F8B5160705460C4651D44B68002B02DC79
:10AF90000B6C002B49DDE66A002E46D0002312F42C
:10AFA00080522F682B6031D0626DA389590705D577
:10AFB0006368D21A636B0BB1236CD21A0023284644
:10AFC000E66A216AB047421CB4F90C3006D1296800
:10AFD0001D2945D8274ACA40D60741D500226260BC
:10AFE0002269D904226004D5421C01D12B6803B91F
:10AFF0006065616B2F60C1B104F14403994202D0D6
:10B000002846FEF743FA002363630EE00123284637
:10B01000216AB0470246501CC7D12B68002BC4D010
:10B020001D2B01D0162B19D12F6000201DE00F69B8
:10B03000002FFAD0930718BF00230E6808BF4B6992
:10B04000F61B0F608B60002EEFDD33463A46284634
:10B05000216AD4F828C0E047002807DCB4F90C3096
:10B060004FF0FF3043F04003A381F8BD0744361A88
:10B07000E9E700BF0100402038B50B6905460C46E2
:10B0800013B90025284638BD18B1036A0BB9FDF77E
:10B0900015FAB4F90C30002BF3D0626ED00704D44B
:10B0A000990502D4A06DFDF75EFB28462146FFF707
:10B0B00065FF636E0546DA07E4D4A3899B05E1D4F6
:10B0C000A06DFDF751FBDDE7884210B501EB0204EE
:10B0D00002D98442234607D8431EA14207D011F863
:10B0E000012B03F8012FF8E70244824200D110BD82
:10B0F00013F8011D02F8011DF7E710B56AB1013917
:10B10000841810F8012B11F8013F9A4203D1A04294
:10B1100001D0002AF5D1D01A10BD1046FCE700007E
:10B1200038B50023054D044608462B60F9F7A6FE06
:10B13000431C02D12B6803B1236038BDD8540020D2
:10B1400000200149704700BF0000F87F1FB514467A
:10B150001A46094B05461B68D8684CB1074BCDE928
:10B16000013400912B46064900F0AAFB00F0BAFB1F
:10B17000044B1C46F3E700BF8C010020F8C0000818
:10B1800005C1000833C1000870B5A1FB025434B9F1
:10B190002946FEF7EDF9064628B9304670BD0C2267
:10B1A00000260260F9E72A462146FDF75FFAF4E738
:10B1B00003692DE9F043B3EB611F00F114044FEA7A
:10B1C000611246DD11F01F0104EB830604EB8205DA
:10B1D0000CD1294600F11007B14235D39B1A9B00D0
:10B1E000EA1E964238BF0023234415E0A14654F8D6
:10B1F0002270C1F12008CF4005F1040E7645F446D7
:10B2000016D89A1A9200043A0135AE4238BF00228D
:10B21000A318A75007B10433A342A3EB040208BF4D
:10B2200000234FEAA202026108BF4361BDE8F08338
:10B23000DCF800C00CFA08FC4CEA070749F8047B6C
:10B240005EF8047BCF40D9E751F804CB47F804CF30
:10B25000C2E72346E0E7A0F13003092B02D82038EB
:10B26000C0B27047A0F16103052B01D84738F7E75A
:10B27000A0F14103052B01D82738F1E700207047E2
:10B280002DE9F04F8A46904685B002930B680190F5
:10B290009C1CA14614F8010B3028FAD0A9EB03033B
:10B2A000A3F1020BFFF7D7FF0546002868D1012262
:10B2B00048469F49FFF721FF0746002867D199F8C4
:10B2C00001002646FFF7C7FF002862D02346187802
:10B2D0009946302803F10103F9D0FFF7BCFFB0FA1B
:10B2E00080F54FF0010B6D094A4616463078013261
:10B2F000FFF7B1FF0028F8D1012230468C49FFF753
:10B30000FCFE00283FD144B9741C22461646307812
:10B310000132FFF7A0FF0028F8D1A41BA700337863
:10B3200003F0DF03502B3ED173782B2B33D02D2B22
:10B3300034D00024711C0878FFF78DFF431EDBB268
:10B34000182B30D8A0F1100211F8010FFFF783FF7E
:10B3500000F1FF3C5FFA8CFCBCF1180F4FF00A03C0
:10B360001ED904B152421744CAF80010EDB1BBF126
:10B37000000F0CBF06250025284605B0BDE8F08F5C
:10B3800000252C46B0E7002CC7D12746C7E74E461C
:10B390002F460125C3E70024B11CCCE70124FBE7BD
:10B3A00003FB0200CEE73146DEE72946A6EB0903A0
:10B3B000013B072B0ADC0198FEF766F9044640B909
:10B3C0000246E4215B4B5C48FFF7C0FE01315B1095
:10B3D000EFE7002300F1140A55469B46B14537D3E9
:10B3E00045F804BBA5EB0A05AD1025615846FEF7EC
:10B3F0003BFA6D01D8F800602D1AB54254DDAD1B43
:10B4000029462046FEF7C9FD814678B14FF0010973
:10B410006B1E59115AF8211003F01F0209FA02F2AB
:10B420000A4203D04B4536DC4FF00209294620463C
:10B43000FFF7BEFE2F44D8F80830BB4242DA21465F
:10B440000198FEF75FF900230E9AA325136093E796
:10B4500016F8012D2E2A12D0202B04D145F804BB5A
:10B460004FF0000B5B4630780393FFF7F4FE039B2D
:10B4700000F00F0098404BEA000B0433AEE7B145F3
:10B48000EAD8012230462A490393FFF736FE039B90
:10B490000028E1D1A2E72046A91EFEF77EFD002884
:10B4A000C2D04FF00309C1E709DA751B21462A46CD
:10B4B0000198FEF73FFB04467F1B00F1140A4FF092
:10B4C0000009B8E7D8F80450BD426FDDED1BAE426D
:10B4D00034DCD8F80C30022B22D0032B24D0012BE3
:10B4E00015D1AE4213D1012E0BD1D8F80430029AF7
:10B4F0006225136001232361CAF800300E9B1C6093
:10B500003AE72046711EFEF748FD0028EDD121469E
:10B510000198FEF7F7F800230E9A502513602BE7E9
:10B520000F9B002BF3D1E0E70F9B002BDDD1EEE763
:10B53000DDC0000872C0000834C100086F1EB9F1F8
:10B54000000F30D127B139462046FEF726FD81464F
:10B5500001232946761B02257A115AF8222007F08A
:10B560001F07BB401342204618BF49F00209FFF7EE
:10B570001FFED8F80470B9F1000F47D0D8F80C308E
:10B58000022B15D0032B17D0012B09D119F0020F74
:10B5900006D0DAF8003049EA030919F0010F0ED19C
:10B5A00045F0100532E04FF00109D1E70125E2E74F
:10B5B0000F9BC3F101030F930F9B002BF0D04FF0B3
:10B5C000000CD4F810B004F114034FEA8B0A03EB1B
:10B5D0008B01184653F8042BB2F1FF3F1BD0013208
:10B5E0000260022D04F114033CD1D8F80020013A86
:10B5F000B24209D10122711153F8213006F01F0621
:10B6000002FA06F61E423AD145F020050E9B1C6058
:10B61000029B1F60B0E6994243F804CCD9D8A368D6
:10B620009B4517DB616801980131FEF72DF88146D3
:10B6300018B902468421194BC5E6226904F10C01B0
:10B64000023292000C30FDF79EF821460198FEF779
:10B6500059F84C4623695A1C2261012204EB8303EA
:10B660005A61BEE722695A450BDD01212046FFF7EA
:10B670009FFDD8F808300137BB42FFF6E0AE012548
:10B68000C2E716F01F06FAD0534453F8040CFEF735
:10B69000EBF8C6F12006B042E7DBF0E772C0000825
:10B6A000C2F10802920070B5C2F120064368046836
:10B6B00003FA06F52C43D340046040F8043F884267
:10B6C000F4D370BD30B50368013311F8014B14B9E0
:10B6D0000360012030BD13F8012BA2F14105192DA3
:10B6E00098BF2032A242F0D00020F3E72DE9F04FBE
:10B6F00000250B6882465E1102EB860613F01F03DD
:10B7000018BF0436371F9046B9463C46AB4687B053
:10B710000168019346F8045C02954A784B1C039338
:10B7200042B3104605910492FFF795FD002853D1CE
:10B73000049A0599202A18D8029B9B4513DD4C4595
:10B7400006D2072D04DC2A4649462046FFF7A8FF0B
:10B75000444554D90023A4F1040944F8043C1D468F
:10B760004C46CDF808B00399D7E7292A59D10231C0
:10B77000CAF80010BBF1000F53D04C4506D2072D7C
:10B7800004DC2A4649462046FFF78AFF444538D95B
:10B790002346A8F1040253F8041B9F4242F8041FF9
:10B7A000F9D23B1B23F003030134033EB44288BFAC
:10B7B0000023002108F1040213441A4604339F4277
:10B7C0001160FAD23B681BB9474528D101233B6081
:10B7D000052007B0BDE8F08F0135082D0BF1010BF6
:10B7E00006DD4445BFD90023012544F8043C043C50
:10B7F000226800F00F0040EA02102060B3E708253D
:10B80000B1E7019B002BDDD04FF0FF32C3F12003E5
:10B81000DA4056F8043C134046F8043CD2E7043FB3
:10B82000D0E70420D5E782B001B901A942B14BB1FC
:10B8300013780B601278101E18BF012002B07047F9
:10B840001046FBE76FF00100F8E72DE9F0410746ED
:10B8500014460D4621B91146BDE8F041FDF788BEFA
:10B860002AB9FDF713FE25462846BDE8F08100F011
:10B8700040F88442064602D8B4EB500FF4D8214673
:10B880003846FDF775FE804608B94546ECE7B442F8
:10B890002246294628BF3246FCF775FF294638461E
:10B8A000FDF7F4FDF1E70346084641B1FF2A04D94C
:10B8B0008A224FF0FF301A60704701200A707047EB
:10B8C0000EB403B5014603AB054853F8042B0068DA
:10B8D000019300F03DF802B05DF804EB03B070474F
:10B8E0008C010020062008B500F000FA0120F9F7CD
:10B8F000F3FA51F8043C181F002BBCBF0B58C018BA
:10B900007047936810B4013B002B936007DA946989
:10B91000A34201DB0A2902D110BC00F02DB9136843
:10B92000581C10601970084610BC7047F8B50646E0
:10B930000F461446D518AC4201D1002007E03A4624
:10B94000304614F8011BFFF7DCFF431CF3D1F8BDB0
:10B950002DE9F0470D4614461F4606469CB018B127
:10B96000036A0BB9FCF7AAFD6B6ED90705D4AB8946
:10B970009A0502D4A86DFCF7F6FEAB891B0701D52A
:10B980002B699BB92946304600F034F970B16B6ED3
:10B99000DC0704D54FF0FF301CB0BDE8F087AB8961
:10B9A0009805F7D4A86DFCF7DFFEF3E700230993B1
:10B9B00020238DF8293030234FF001080397694F79
:10B9C0008DF82A302346994613F8012B0AB1252A0F
:10B9D000F9D1B9EB040A0BD053462246294630462A
:10B9E000FFF7A4FF013000F0A480099A52440992A5
:10B9F00099F80030002B00F09C8000234FF0FF32BC
:10BA0000CDE9052309F10109049307938DF853301B
:10BA10001A934C46052214F8011B5248FCF7A5FE68
:10BA2000049BD0B9D90644BF20228DF853201A07B1
:10BA300044BF2B228DF8532099F800202A2A13D0D6
:10BA40004C4600204FF00A0C079A214611F8013BA2
:10BA5000303B092B49D968B913E0C01B08FA00F044
:10BA60001843A1460490D4E7039A111D126803916C
:10BA7000002A01DB079204E0524243F002030792DE
:10BA8000049323782E2B0AD163782A2B32D1039B7F
:10BA900002341A1D1B68039243EAE3730593DFF82F
:10BAA000C890032248462178FCF75FFE38B1402257
:10BAB000049BA0EB0900824013430134049314F863
:10BAC000011B062229488DF82810FCF74EFE00289D
:10BAD0003ED0274818BB039B073323F007030833E6
:10BAE0000393099B034409936CE70C4601200CFB6C
:10BAF0000232AAE700234FF00A0C194601340593DD
:10BB0000204610F8012B303A092A03D9002BC6D061
:10BB10000591C4E7044601230CFB0121F0E703ABC8
:10BB200000932A463046134B04A9FBF76BFE431CD7
:10BB3000D7D16B6ED90705D4AB899A0502D4A86D0D
:10BB4000FCF712FEAB895B063FF524AF099823E7AB
:10BB500003AB00932A463046064B04A9FCF7F0F8E5
:10BB6000E5E700BFDFC00008E5C00008E9C0000845
:10BB7000057800082DB90008F8B50E4614460546AC
:10BB800018B1036A0BB9FCF799FCA369A360A389F8
:10BB90001A0701D5236943B92146284600F02AF83F
:10BBA00018B14FF0FF373846F8BD23682269F6B266
:10BBB000981A63693746834205DC21462846FFF719
:10BBC0005BFA0028EDD1A368013BA36023685A1CEF
:10BBD00022601E706269431C9A4204D0A389DB076D
:10BBE000E1D50A2EDFD121462846FFF745FA002885
:10BBF000D9D0D6E738B5284B054618680C4618B199
:10BC0000036A0BB9FCF75AFCB4F90C301A0721D4BB
:10BC1000D80607D409222A6043F040034FF0FF30D2
:10BC2000A38130E0590712D5616B41B104F144039F
:10BC3000994202D02846FDF729FC002363630022C5
:10BC4000B4F90C306260226923F02403226043F0CF
:10BC50000803A38122693AB99A0501D5180603D5CC
:10BC60002146284600F082F8B4F90C3013F00102A6
:10BC70000AD00022A26062695242A261226942B9DE
:10BC800013F08000C8D138BD990758BF6269A2601F
:10BC9000F4E70020F7E700BF8C0100201F2938B52A
:10BCA00005460C4604D9162303604FF0FF3038BD1B
:10BCB000C26B12B152F821304BB9284600F030F86F
:10BCC000224601462846BDE8384000F017B8012B4F
:10BCD0000AD0591C03D1162303600120E7E7002195
:10BCE000204642F8241098470020E0E7024B014626
:10BCF0001868FFF7D3BF00BF8C01002038B50023C0
:10BD0000064D0446084611462B60F9F7DDF8431C42
:10BD100002D12B6803B1236038BD00BFD854002086
:10BD2000F9F7D0B870B50C46B1F90E1015460029D8
:10BD30001E4696B00ADAA18911F0800113D14FF4A2
:10BD40008062002031602A6016B070BD6A4600F043
:10BD500047F80028EFDB019901F47041A1F5005389
:10BD600059425941EBE700214022EAE78B8973B53C
:10BD70009E0705460C4607D504F14703236023615F
:10BD80000123636102B070BD01AB6A46FFF7CAFFD1
:10BD9000009E28463146FDF7EBFBB4F90C3038B96C
:10BDA0009A05EFD423F0030343F00203A381E3E7F2
:10BDB00043F08003A381019BC4E904062060002BAB
:10BDC000E0D02846B4F90E1000F01CF80028D9D0B5
:10BDD000A38923F0030343F00103A381D2E700000A
:10BDE00038B50023064D0446084611462B60F9F786
:10BDF0008CF8431C02D12B6803B1236038BD00BF0F
:10BE0000D854002038B50023054D044608462B6061
:10BE1000F9F780F8431C02D12B6803B1236038BDC9
:10BE2000D854002038B50022002304460D46F4F70C
:10BE300015FE28B920462946BDE8384000F00AB86A
:10BE4000204605F1004100F005F8404261EB410158
:10BE500038BD00BFD0B500220B4B06460F46F4F7A5
:10BE60008BFBF4F761FE0446F4F70CFB0022074B52
:10BE7000F4F782FB02460B4630463946F4F7C4F924
:10BE8000F4F752FE2146D0BD0000F03D0000F04125
:10BE9000F8B500BFF8BC08BC9E467047F8B500BFB7
:08BEA000F8BC08BC9E46704787
:10BEA80053544D3332205669727475616C20436F58
:10BEB8006D506F727400000053544D6963726F6562
:10BEC8006C656374726F6E6963730000434443204A
:10BED800436F6E666967000043444320496E74658A
:10BEE8007266616365000000765265636569766510
:10BEF8004461746150726F636573735461736B004E
:10BF0800E695B0E68DAEE58C85E8A7A3E69E90E6BB
:10BF18008890E58A9FEFBC8CE689A7E8A18CE4BBF2
:10BF2800BBE58AA13A202564200D0A006465666194
:10BF3800756C745461736B0049444C4500000000F3
:10BF4800546D725100000000546D722053766300E6
:10BF58007653656E644C6F6750726F636573735484
:10BF680061736B000102000002030405060708095B
:10BF78000A0B0C0D0E0F1010000000000102030444
:10BF88000000000000000000010203040607080981
:10BF980034BF00080000000000000000000000009E
:10BFA800000000000002000018000000000000006F
:10BFB80000000000494E4600696E66004E414E0082
:10BFC8006E616E00300030313233343536373839EF
:10BFD80041424344454600303132333435363738F0
:10BFE800396162636465660065256C6400496E6644
:10BFF800696E697479004E614E005245454E542071
:10C008006D616C6C6F6320737563636565646564EB
:10C01800002F646174612F6A656E6B696E732F7788
:10C028006F726B73706163652F474E552D746F6F18
:10C038006C636861696E2F61726D2D31342F737274
:10C04800632F6E65776C69622D63796777696E2FE8
:10C058006E65776C69622F6C6962632F7374646CA8
:10C0680069622F64746F612E630042616C6C6F6348
:10C0780020737563636565646564002F646174612A
:10C088002F6A656E6B696E732F776F726B73706151
:10C0980063652F474E552D746F6F6C636861696EC9
:10C0A8002F61726D2D31342F7372632F6E65776C2B
:10C0B80069622D63796777696E2F6E65776C69623F
:10C0C8002F6C6962632F7374646C69622F6D707270
:10C0D80065632E63002E00232D302B2000686C4CE6
:10C0E80000656667454647004300504F534958006E
:10C0F8002C2066756E6374696F6E3A2000617373E5
:10C10800657274696F6E2022257322206661696CDE
:10C1180065643A2066696C6520222573222C206CA0
:10C12800696E65202564257325730A002F64617480
:10C13800612F6A656E6B696E732F776F726B7370A0
:10C148006163652F474E552D746F6F6C6368616925
:10C158006E2F61726D2D31342F7372632F6E657778
:10C168006C69622D63796777696E2F6E65776C6984
:10C17800622F6C6962632F7374646C69622F6764E1
:10C18800746F612D6765746865782E630000000020
:10C1980005000000190000007D00000000000000FC
:10C1A8000080E03779C34143176E05B5B5B89346AB
:10C1B800F5F93FE9034F384D321D30F94877825A77
:10C1C8003CBF737FDD4F1575000000000000F03F95
:10C1D800000000000000244000000000000059405A
:10C1E8000000000000408F40000000000088C340AD
:10C1F80000000000006AF8400000000080842E4122
:10C2080000000000D01263410000000084D797416D
:10C218000000000065CDCD41000000205FA0024273
:10C22800000000E876483742000000A2941A6D42E8
:10C23800000040E59C30A2420000901EC4BCD642DB
:10C2480000003426F56B0C430080E03779C3414386
:10C2580000A0D8855734764300C84E676DC1AB43FC
:10C26800003D9160E458E143408CB5781DAF15441A
:10C2780050EFE2D6E41A4B4492D54D06CFF08044F5
:10C28800F64AE1C7022DB544B49DD9794378EA440A
:10C2980034000000CEFBFFFFCB03000001000000CC
:10C2A8000000000035000000CEFBFFFFCB030000BC
:10C2B8000100000000000000BC89D897B2D29C3C65
:10C2C80033A7A8D523F649393DA7F444FD0FA53275
:10C2D8009D978CCF08BA5B25436FAC64280668111C
:10C2E800002020202020202020202828282828203E
:10C2F8002020202020202020202020202020202036
:10C30800208810101010101010101010101010109D
:10C31800100404040404040404040410101010108D
:10C328001010414141414141010101010101010157
:10C3380001010101010101010101010110101010A9
:10C348001010424242424242020202020202020229
:10C35800020202020202020202020202101010107D
:10C3680020000000000000000000000000000000A5
:10C3780000000000000000000000000000000000B5
:10C3880000000000000000000000000000000000A5
:10C398000000000000000000000000000000000095
:10C3A8000000000000000000000000000000000085
:10C3B8000000000000000000000000000000000075
:10C3C8000000000000000000000000000000000065
:10C3D8000000000000000000000000000000000055
:04C3E8000000000051
:08C3EC00043EFF7F0100000088
:04C3F400710C0008C0
:04C3F800490C0008E4
:10C3FC001A03000000000000000000000000000014
:10C40C00000000000000000000000000040309040C
:10C41C001201000202020040830440570002010294
:10C42C0003010000F10F0008FD0F0008C110000807
:10C43C009D10000889100008DD100008011100088B
:10C44C004D11000825110008291100082D110008B4
:10C45C00010000001000000000127A0009074300E0
:10C46C00020104C03209040000010202010005248B
:10C47C000010010524010001042402020524060019
:10C48C00010705820308001009040100020A0000DC
:10C49C000007050102400000070581024000000072
:10C4AC0009024300020100C032090400000102022B
:10C4BC0001000524001001052401000104240202DE
:10C4CC000524060001070582030800100904010079
:10C4DC00020A000000070501024000000705810266
:10C4EC004000000009024300020100C032090400B0
:10C4FC0000010202010005240010010524010001C5
:10C50C00042402020524060001070582030800101A
:10C51C0009040100020A00000007050102000200E4
:10C52C000705810200020000454D0008034D00087C
:10C53C002D4C000800000000594B0008DF4B000890
:10C54C00B14B0008000000000000000000000000DB
:10C55C008D4B0008814B0008994B0008A54B000837
:10C56C000A0600020000004001000000AAAAAAAAC4
:10C57C0000000000030000009C53002090010020EC
:10C58C00000000009C530020045400206C54002038
:10C59C00000000000000000000000000000000008F
:10C5AC00000000000000000000000000000000007F
:10C5BC00000000000000000000000000000000006F
:10C5CC00000000000000000000000000430000001C
:10C5DC00000000000000000000000000000000004F
:10C5EC0000000000000000000000000043000000FC
:10C5FC00000000000000000000000000000000002F
:10C60C0000000000000000000000000043000000DB
:10C61C00000000000000000000000000000000000E
:10C62C0000000000000000000000000043000000BB
:10C63C0000000000000000000000000000000000EE
:10C64C00000000000000000000000000430000009B
:10C65C0000000000000000000000000000000000CE
:10C66C00000000000000000000000000430000007B
:10C67C0000000000000000000000000000000000AE
:10C68C00000000000000000000000000430000005B
:10C69C00000000000000000000000000000000008E
:10C6AC00000000000000000000000000A7B8000817
:10C6BC0027B8000800000000E8C20008DDC0000830
:10C6CC0033C1000833C1000833C1000833C100086E
:10C6DC0033C1000833C1000833C1000833C100085E
:10C6EC0033C10008FFFFFFFFFFFFFFFFFFFFFFFF4E
:10C6FC00FFFF0000010041534349490000000000C6
:10C70C00000000000000000000000000000000001D
:10C71C0000000000000041534349490000000000A4
:10C72C0000000000000000000000000000000000FD
:08C73C000000000000000000F5
:040000050800767DFC
:00000001FF
